,country_x,Opposition Challenge,OppBoycott,year,client,PollsBad,PollsGood,IncumbentRan,GoodEcon,polcomp,adjexconst,IOScore,reltradelog,transition,PostCW,Opposition Win,Transitional,OppGain,EconCrisis,exconst,tenure,leverage,Harrass,Rentier,v2x_polyarchy,ViolenceAfter,Violence,PostProtestFraud,longten,Major Aid Recipient
39,Cuba,0,0,1948,0,0,0,0,1,7.0,3.0,2.0,0.21052971172008023,0,0,0,0,0,0,3.0,4.0,0,0,1,0.439,0,0,0,0,1
40,Haiti,0,0,1950,0,0,0,1,1,4.0,5.0,2.0,0.014258626471873391,0,0,0,0,0,0,5.0,4.0,0,0,0,0.169,0,0,0,0,0
45,Haiti,0,1,1995,0,0,0,0,0,7.0,6.0,2.0,0.0488269616595937,0,1,0,0,0,1,6.0,1.0,0,0,1,0.24,0,0,0,0,1
46,Haiti,0,1,2000,0,0,1,0,0,-88.0,6.75,2.0,0.1258575527202314,1,1,0,0,0,1,-88.0,4.0,1,1,1,0.49,0,1,0,0,1
50,Dominican Republic,0,0,1947,0,0,0,1,1,1.0,1.0,1.0,0.04367400452183328,0,0,0,0,0,0,1.0,17.0,0,0,0,0.148,0,0,0,1,0
53,Dominican Republic,0,1,1970,0,0,0,1,1,6.0,3.0,2.0,0.07233167824858666,0,0,0,0,0,0,3.0,4.0,0,0,0,0.281,0,0,0,0,0
54,Dominican Republic,1,1,1974,0,0,0,1,1,6.0,3.0,2.0,0.13200157183806493,0,0,0,0,0,0,3.0,8.0,0,0,0,0.275,0,0,1,0,0
55,Dominican Republic,1,0,1978,0,0,0,1,1,6.0,3.0,2.0,0.2014025996650395,0,0,1,0,1,0,3.0,12.0,0,0,0,0.282,1,0,1,0,0
56,Dominican Republic,0,0,1982,0,0,0,0,0,7.0,5.0,2.0,0.26666118530687494,0,0,0,0,0,1,5.0,4.0,0,0,1,0.487,0,0,0,0,1
57,Dominican Republic,1,0,1986,0,0,0,0,0,7.0,5.0,2.0,0.23189195637112353,0,0,1,0,1,0,5.0,4.0,0,0,1,0.515,0,0,1,0,1
58,Dominican Republic,1,0,1990,0,1,0,1,0,7.0,5.0,2.0,0.35982581158041216,0,1,0,0,0,1,5.0,4.0,0,0,0,0.519,0,1,1,0,0
59,Dominican Republic,1,0,1994,0,0,0,1,0,7.0,5.0,2.0,0.4581438790644295,0,1,0,0,0,1,5.0,8.0,0,1,0,0.433,1,1,1,0,0
60,Dominican Republic,1,0,1996,0,0,0,0,0,7.0,5.0,2.0,0.46867533415474544,0,1,1,0,1,1,5.0,10.0,0,1,0,0.459,0,1,0,0,0
61,Dominican Republic,1,0,1996,0,0,0,0,0,7.0,5.0,2.0,0.46867533415474544,0,1,1,0,1,1,5.0,10.0,0,1,0,0.459,0,1,0,0,0
66,Jamaica,1,0,1967,0,0,0,0,0,10.0,7.0,1.0,0.20619763833326138,0,0,0,0,0,0,7.0,5.0,0,0,1,0.553,0,1,1,0,1
67,Jamaica,1,0,1972,0,0,0,1,0,10.0,7.0,2.0,0.27781008385283384,0,0,1,0,1,0,7.0,5.0,0,0,1,0.566,0,0,0,0,1
68,Jamaica,0,0,1976,0,0,0,1,0,10.0,7.0,2.0,0.4398341663237268,0,0,0,0,0,0,7.0,4.0,0,1,1,0.567,0,0,0,0,1
69,Jamaica,1,0,1980,0,0,0,1,0,10.0,7.0,2.0,0.3973555828282983,0,0,1,0,1,0,7.0,8.0,0,0,1,0.515,0,1,0,0,1
70,Jamaica,0,1,1983,0,0,1,1,0,10.0,7.0,2.0,0.4206793813175734,0,0,0,0,0,0,7.0,3.0,0,0,1,0.473,0,0,0,0,1
71,Jamaica,1,0,1989,0,1,0,1,0,10.0,7.0,2.0,0.5007132495474715,0,0,1,0,1,0,7.0,9.0,0,0,1,0.53,0,0,0,0,1
72,Jamaica,0,0,1993,0,0,1,1,1,10.0,7.0,2.0,0.6417108576622138,0,1,0,0,0,0,7.0,1.0,0,1,1,0.588,0,1,0,0,1
77,Trinidad and Tobago,0,0,1966,0,0,0,1,0,5.0,5.0,1.0,0.32400113074663095,0,0,0,0,0,0,5.0,4.0,0,0,0,0.573,0,0,0,0,0
79,Trinidad and Tobago,0,0,1976,0,0,0,1,1,5.0,5.0,2.0,1.0335466239665592,0,0,0,0,1,0,5.0,14.0,0,0,0,0.563,0,0,0,1,0
89,Mexico,0,0,1946,0,0,0,0,1,2.0,3.0,1.0,0.0,0,0,0,0,0,0,3.0,6.0,0,0,0,0.195,0,1,0,0,0
90,Mexico,1,0,1952,0,0,0,0,1,2.0,3.0,1.0,0.039422294339267125,0,0,0,0,0,0,3.0,6.0,0,0,1,0.201,1,1,1,0,1
91,Mexico,0,0,1958,0,0,0,0,1,2.0,3.0,1.0,0.048491979941513635,0,0,0,0,0,0,3.0,6.0,0,0,1,0.249,0,0,0,0,1
92,Mexico,0,0,1964,0,0,1,0,1,2.0,3.0,1.0,0.04288429428507676,0,0,0,0,0,0,3.0,6.0,0,0,0,0.222,0,0,0,0,0
93,Mexico,0,0,1970,0,0,1,0,1,2.0,3.0,1.0,0.056866676310427786,0,0,0,0,0,0,3.0,6.0,0,0,0,0.244,0,0,0,0,0
94,Mexico,0,0,1982,0,0,1,0,0,6.0,3.0,1.0,0.39976616241827906,0,0,0,0,1,0,3.0,6.0,0,0,0,0.312,0,0,0,0,0
95,Mexico,1,0,1988,0,0,1,0,0,6.0,3.0,2.0,0.35828563440765804,0,0,0,0,1,0,3.0,6.0,0,0,0,0.341,0,1,1,0,0
96,Mexico,1,0,1994,0,0,1,0,1,7.0,4.0,2.0,0.7744808852646489,0,1,0,0,0,0,4.0,6.0,0,0,0,0.438,0,0,1,0,0
100,Guatemala,1,0,1950,0,0,0,0,1,10.0,3.0,1.0,0.036378658037613414,0,0,0,0,0,0,3.0,5.0,0,1,0,0.408,0,1,1,0,0
101,Guatemala,1,0,1957,1,0,0,0,1,2.0,1.0,1.0,0.05970256344467616,0,0,1,1,0,0,1.0,3.0,1,1,0,0.091,1,1,1,0,1
102,Guatemala,1,0,1958,1,0,0,0,1,2.0,1.0,1.0,0.059951444245015875,0,0,1,1,1,0,1.0,1.0,1,0,0,0.101,0,0,1,0,1
111,Guatemala,1,0,1990,0,1,0,0,0,7.0,3.0,1.0,0.15436290624640128,0,1,1,0,1,0,3.0,4.0,1,1,1,0.367,0,1,0,0,1
112,Guatemala,1,0,1991,0,1,0,0,0,7.0,3.0,2.0,0.18832450161808725,0,1,1,0,1,0,3.0,5.0,1,1,1,0.372,0,1,0,0,1
115,Guatemala,1,0,1999,0,1,0,1,0,9.0,6.0,2.0,0.3902641651139252,0,1,1,0,1,0,6.0,3.0,0,0,1,0.485,0,1,0,0,1
116,Guatemala,1,0,1999,0,1,0,1,0,9.0,6.0,2.0,0.3902641651139252,0,1,1,0,1,0,6.0,3.0,0,0,1,0.485,0,1,0,0,1
117,Guatemala,1,0,2003,0,1,0,0,0,9.0,6.0,2.0,0.46155405891012136,0,1,1,0,1,0,6.0,3.0,1,0,1,0.569,0,1,0,0,1
118,Guatemala,1,0,2003,0,1,0,0,0,9.0,6.0,2.0,0.46155405891012136,0,1,1,0,1,0,6.0,3.0,1,0,1,0.569,0,1,0,0,1
123,Honduras,1,0,1954,0,0,0,0,0,6.0,3.0,1.0,0.05183677609817391,0,0,1,0,0,1,3.0,5.0,0,1,1,0.26,0,1,0,0,1
124,Honduras,1,1,1956,0,0,0,1,0,6.0,3.0,1.0,0.047548153101385444,0,0,0,0,0,1,3.0,2.0,0,1,1,0.148,1,1,1,0,1
135,Honduras,1,1,2013,0,0,1,0,0,9.0,5.0,1.0,0.8184846540391579,0,1,0,0,0,0,5.0,3.0,0,1,1,0.446,0,1,1,0,1
136,El Salvador,0,0,1950,0,0,0,1,1,-88.0,1.0,1.0,0.039850599097388924,1,0,0,1,0,0,-88.0,1.0,0,0,1,0.11,0,0,0,0,1
137,El Salvador,1,1,1956,0,0,0,0,1,2.0,3.0,1.0,0.07587623137537988,0,0,0,0,0,0,3.0,6.0,0,1,1,0.184,1,0,1,0,1
138,El Salvador,0,0,1967,0,0,0,0,0,6.0,3.0,1.0,0.04830397733237547,0,0,0,0,0,0,3.0,5.0,0,0,0,0.195,0,0,0,0,0
140,El Salvador,1,0,1977,0,0,0,0,1,6.0,3.0,1.0,0.1463073571686511,0,0,0,0,0,0,3.0,5.0,0,1,0,0.184,1,1,1,0,0
144,El Salvador,0,0,1994,0,0,0,0,1,7.0,5.0,2.0,0.26932212648534815,0,1,0,0,0,0,5.0,5.0,0,0,1,0.397,0,0,0,0,1
145,El Salvador,0,0,1994,0,0,0,0,1,7.0,5.0,2.0,0.26932212648534815,0,1,0,0,0,0,5.0,5.0,0,0,1,0.397,0,0,0,0,1
146,El Salvador,0,0,1999,0,0,1,0,1,9.0,5.0,2.0,0.4365115054421221,0,1,0,0,0,0,5.0,5.0,0,0,1,0.495,0,0,0,0,1
147,El Salvador,0,0,2004,0,0,1,0,1,9.0,5.0,2.0,0.6377820687033634,0,1,0,0,0,0,5.0,5.0,1,0,1,0.539,0,0,0,0,1
148,El Salvador,1,0,2009,0,1,0,0,0,9.0,5.0,2.0,0.7013336916076577,0,1,1,0,1,0,5.0,5.0,0,0,1,0.544,0,0,0,0,1
149,Nicaragua,1,0,1947,0,0,0,0,1,2.0,1.0,1.0,0.0,0,0,0,0,0,0,1.0,10.0,0,0,1,0.142,1,0,1,0,1
150,Nicaragua,0,1,1950,0,0,0,1,1,2.0,1.0,2.0,0.026115155410738968,0,0,0,0,0,0,1.0,3.0,0,0,1,0.132,0,0,0,0,1
151,Nicaragua,0,1,1957,0,0,0,1,1,2.0,1.0,2.0,0.07909834608712098,0,0,0,0,0,0,1.0,1.0,0,0,1,0.184,0,0,0,0,1
152,Nicaragua,0,0,1974,1,0,0,1,0,2.0,1.0,2.0,0.13589602574169038,0,0,0,1,0,1,1.0,7.0,0,0,0,0.167,0,0,0,0,1
153,Nicaragua,0,1,1984,0,0,0,1,0,2.0,2.0,2.0,0.12193080518640814,0,0,0,0,0,0,2.0,5.0,0,0,1,0.174,0,1,0,0,1
154,Nicaragua,1,0,1990,0,0,1,1,0,6.0,3.0,2.0,0.023175175669383433,0,1,1,0,1,1,3.0,11.0,1,0,0,0.402,0,0,0,0,0
156,Nicaragua,0,0,2001,0,1,0,0,0,7.0,7.0,2.0,0.23219025043700306,0,1,0,0,0,1,7.0,4.0,1,0,1,0.587,0,0,0,0,1
158,Nicaragua,0,0,2011,0,0,1,1,1,9.0,7.0,2.0,0.4503542665114831,0,1,0,0,0,0,7.0,4.0,1,0,1,0.479,0,0,0,0,1
159,Costa Rica,1,0,1948,0,0,0,0,1,8.0,5.0,1.0,0.0,0,0,1,0,1,0,5.0,4.0,0,1,1,0.33,1,1,1,0,1
177,Panama,1,0,1948,0,0,0,0,0,4.0,3.0,1.0,0.0,0,0,0,1,0,1,3.0,3.0,0,0,1,0.234,1,1,1,0,1
178,Panama,0,1,1952,0,0,0,0,0,5.0,4.0,1.0,0.07881569880572287,0,0,0,0,0,0,4.0,1.0,0,1,1,0.267,0,0,0,0,1
179,Panama,0,0,1956,0,0,0,0,1,6.0,5.0,1.0,0.09070964331156554,0,0,0,0,0,0,5.0,1.0,0,0,1,0.382,0,0,0,0,1
180,Panama,1,0,1960,0,0,0,0,1,6.0,5.0,1.0,0.09850584434691159,0,0,1,0,1,0,5.0,4.0,0,0,0,0.402,0,0,0,0,0
181,Panama,1,0,1964,0,0,0,0,1,6.0,5.0,1.0,0.1081061310673419,0,0,1,0,1,0,5.0,4.0,0,0,0,0.39,0,0,1,0,0
182,Panama,1,0,1968,0,0,0,0,1,6.0,5.0,1.0,0.13483213718368253,0,0,1,0,1,0,5.0,4.0,0,1,0,0.313,1,1,1,0,0
183,Panama,1,0,1984,0,0,0,1,0,3.0,3.0,1.0,0.4074371750739191,0,0,0,0,0,0,3.0,1.0,0,0,1,0.139,0,1,1,0,1
184,Panama,1,0,1989,0,0,0,0,0,1.0,2.0,1.0,0.30673098425424233,0,0,1,0,1,0,2.0,6.0,0,0,1,0.143,1,0,1,0,1
191,Colombia,0,0,1966,0,0,1,0,0,9.0,6.0,1.0,0.03152171238126005,0,0,0,0,0,1,6.0,4.0,0,0,1,0.357,0,0,0,0,1
197,Colombia,0,0,1990,0,0,1,0,1,9.0,6.0,2.0,0.17002990756693243,0,1,0,0,1,0,6.0,4.0,0,0,1,0.432,0,1,0,0,1
198,Colombia,0,0,1994,0,0,1,0,1,9.0,7.0,2.0,0.258860150290956,0,1,0,0,0,0,7.0,4.0,0,0,1,0.57,0,1,0,0,1
199,Colombia,0,0,1994,0,0,1,0,1,9.0,7.0,2.0,0.258860150290956,0,1,0,0,0,0,7.0,4.0,0,0,1,0.57,0,1,0,0,1
200,Colombia,1,0,1998,0,1,0,0,0,7.0,6.0,2.0,0.34265884923396583,0,1,1,0,1,0,6.0,4.0,0,0,1,0.581,0,1,0,0,1
201,Colombia,1,0,1998,0,1,0,0,0,7.0,6.0,2.0,0.34265884923396583,0,1,1,0,1,0,6.0,4.0,0,0,1,0.581,0,1,0,0,1
202,Colombia,1,0,2002,0,0,0,0,1,7.0,6.0,2.0,0.2847446693931596,0,1,1,0,1,0,6.0,4.0,0,0,1,0.53,0,0,0,0,1
203,Colombia,0,0,2006,0,0,1,1,1,7.0,6.0,2.0,0.3710789335855579,0,1,0,0,1,0,6.0,4.0,0,0,0,0.589,0,0,0,0,0
204,Colombia,1,0,2010,0,0,1,0,1,7.0,6.0,2.0,0.4668132555560082,0,1,1,0,0,0,6.0,8.0,0,0,1,0.57,0,0,0,0,1
205,Colombia,1,0,2010,0,1,0,0,1,7.0,6.0,2.0,0.4668132555560082,0,1,1,0,0,0,6.0,8.0,0,0,1,0.57,0,0,0,0,1
207,Venezuela,1,0,1957,0,0,0,1,1,6.0,3.0,1.0,0.25789515796732276,0,0,1,0,1,0,3.0,7.0,0,1,0,0.096,1,0,0,0,0
208,Venezuela,0,0,1958,0,0,0,1,1,6.0,3.0,1.0,0.36241096906332193,0,0,0,1,1,0,3.0,8.0,0,0,0,0.098,0,0,0,0,0
218,Venezuela,0,0,2006,0,0,1,1,1,7.0,5.0,2.0,1.0016180278718854,0,1,0,0,0,0,5.0,7.0,0,0,0,0.468,0,0,0,0,0
219,Venezuela,0,0,2012,0,0,1,1,0,6.0,3.0,2.0,1.0854974604025682,0,1,0,0,0,0,3.0,13.0,0,0,0,0.429,0,0,0,1,0
220,Venezuela,1,0,2013,0,0,1,0,0,6.0,3.0,2.0,1.1421787532687564,0,1,0,1,0,1,3.0,1.0,0,0,0,0.414,1,1,1,0,0
221,Guyana,0,0,1968,0,0,1,1,0,6.0,7.0,1.0,0.172157425397627,0,0,0,0,0,1,7.0,2.0,0,0,1,0.468,0,0,0,0,1
222,Guyana,1,0,1973,0,0,0,1,1,6.0,6.0,1.0,0.2205824374872817,0,0,0,0,0,0,6.0,7.0,0,1,0,0.335,1,0,1,0,0
223,Guyana,0,1,1980,0,0,0,1,0,6.0,5.0,1.0,0.367561426790017,0,0,0,0,0,0,5.0,14.0,0,1,1,0.272,0,0,0,1,1
224,Guyana,0,0,1985,0,0,0,1,0,3.0,1.0,1.0,0.2571199629812215,0,0,0,0,0,0,1.0,19.0,1,1,0,0.248,0,0,0,1,0
225,Guyana,1,0,1992,0,0,0,1,1,3.0,1.0,2.0,0.399253270972392,0,1,1,0,1,0,1.0,7.0,0,0,1,0.308,0,1,1,0,1
226,Guyana,1,0,1997,0,0,0,1,1,7.0,5.0,2.0,0.5276061868359897,0,1,1,1,0,0,5.0,5.0,0,0,1,0.447,1,1,1,0,1
227,Guyana,1,0,2001,0,0,0,1,0,7.0,5.0,2.0,0.46253694870792034,0,1,0,0,0,0,5.0,2.0,0,0,1,0.543,0,1,1,0,1
229,Guyana,1,0,2011,0,0,0,0,1,7.0,5.0,2.0,0.7109148674419605,0,1,0,0,1,0,5.0,12.0,0,0,1,0.593,1,0,1,0,1
230,Surinam,1,0,1987,0,0,0,1,0,2.0,1.0,2.0,0.4365817782806599,0,0,1,0,1,1,1.0,7.0,0,0,0,0.173,0,0,0,0,0
239,Ecuador,1,0,1960,0,0,0,1,0,6.0,3.0,1.0,0.040643098484224094,0,0,1,0,1,0,3.0,4.0,0,0,1,0.368,0,0,0,0,1
258,Ecuador,0,0,2013,0,0,1,1,0,7.0,4.0,2.0,0.8517482023973689,0,1,0,0,0,1,4.0,6.0,0,1,1,0.582,0,0,0,0,1
267,Peru,0,0,1995,0,0,1,1,0,6.0,3.0,2.0,0.17617088419244029,0,1,0,0,0,0,3.0,5.0,0,0,1,0.28,0,0,0,0,1
268,Peru,1,1,2000,0,0,0,1,0,6.0,3.0,2.0,0.21643051773790142,0,1,0,0,0,0,3.0,10.0,1,0,1,0.389,0,1,1,0,1
269,Peru,1,1,2000,0,0,0,1,0,6.0,3.0,2.0,0.21643051773790142,0,1,0,0,0,0,3.0,10.0,1,0,1,0.389,0,1,1,0,1
276,Brazil,0,0,1945,0,0,0,0,1,1.0,1.0,1.0,0.0,0,0,0,1,0,0,1.0,15.0,0,0,0,0.064,0,0,0,1,0
294,Bolivia,1,0,1966,0,0,1,1,1,3.0,2.0,1.0,0.040420633043783606,0,0,0,1,0,0,2.0,2.0,0,0,1,0.127,0,0,1,0,1
295,Bolivia,1,0,1978,0,0,0,0,1,1.0,1.0,1.0,0.09458486624401635,0,0,1,0,0,0,1.0,7.0,0,0,1,0.091,0,0,1,0,1
305,Paraguay,0,0,1968,0,0,1,1,1,2.0,1.0,1.0,0.010999692892566184,0,0,0,0,0,0,1.0,14.0,1,0,1,0.166,0,0,0,1,1
306,Paraguay,0,1,1973,0,0,0,1,1,2.0,1.0,1.0,0.01809968755564536,0,0,0,0,0,0,1.0,19.0,0,1,1,0.172,0,0,0,1,1
307,Paraguay,0,1,1978,0,0,0,1,1,2.0,1.0,1.0,0.04954250420744039,0,0,0,0,0,0,1.0,24.0,0,1,1,0.164,0,0,0,1,1
308,Paraguay,0,1,1983,0,0,0,1,1,2.0,1.0,1.0,0.0633141399916569,0,0,0,0,0,0,1.0,29.0,0,1,0,0.166,0,0,0,1,0
309,Paraguay,0,1,1988,0,0,0,1,1,2.0,1.0,1.0,0.0482095163858536,0,0,0,0,0,0,1.0,34.0,0,1,0,0.165,0,0,0,1,0
310,Paraguay,0,0,1989,0,0,1,1,0,2.0,1.0,1.0,0.06240503017148865,0,0,0,1,0,0,1.0,35.0,0,0,0,0.172,0,0,0,1,0
311,Paraguay,0,0,1993,0,1,0,0,0,7.0,7.0,1.0,0.12862762857102897,0,1,0,0,0,0,7.0,4.0,0,0,0,0.468,0,1,0,0,0
313,Paraguay,1,0,2000,0,0,0,0,0,7.0,7.0,2.0,0.1527858900706786,0,1,1,0,1,0,7.0,1.0,0,0,1,0.547,0,0,0,0,1
314,Paraguay,0,0,2003,0,1,0,0,0,7.0,7.0,2.0,0.05951764765417631,0,1,0,0,0,1,7.0,4.0,0,0,1,0.574,0,0,0,0,1
321,Chile,1,0,1970,0,1,0,0,0,7.0,5.0,2.0,0.10551289097573187,0,0,1,0,1,0,5.0,6.0,1,0,1,0.582,0,0,0,0,1
322,Chile,1,0,1989,0,1,0,0,1,8.0,2.0,2.0,0.32224753645481585,0,0,1,0,1,0,2.0,16.0,0,0,0,0.109,0,0,0,1,0
332,Argentina,0,0,1946,0,0,0,0,1,2.0,1.0,1.0,0.01281526691341244,0,0,0,0,0,0,1.0,2.0,0,0,0,0.094,0,1,0,0,0
333,Argentina,0,0,1951,0,0,0,1,0,1.0,1.0,1.0,0.04688358628831924,0,0,0,0,0,0,1.0,5.0,0,1,0,0.383,0,1,0,0,0
335,Argentina,1,0,1973,0,0,0,0,0,1.0,1.0,2.0,0.05276135131895746,0,0,1,0,1,0,1.0,2.0,0,1,0,0.13,1,1,0,0,0
336,Argentina,0,0,1973,0,0,0,0,0,1.0,1.0,2.0,0.05276135131895746,0,0,0,0,0,0,1.0,2.0,0,0,0,0.13,1,1,0,0,0
396,Netherlands,0,0,1946,0,0,0,1,0,10.0,7.0,0.0,0.009493669310273714,0,0,0,0,1,1,7.0,1.0,0,0,0,0.172,0,0,0,0,0
417,Belgium,1,0,1946,0,0,0,1,1,8.0,7.0,0.0,0.0,0,0,1,0,1,0,7.0,1.0,0,0,0,0.234,0,0,0,0,0
418,Belgium,1,0,1949,0,0,0,1,1,8.0,7.0,3.0,0.0,0,0,1,0,0,0,7.0,2.0,0,0,1,0.514,0,0,0,0,1
483,Spain,0,0,1977,0,0,0,1,0,-88.0,1.0,2.0,0.2201506666578977,1,0,0,0,1,1,-88.0,1.0,1,0,0,0.163,0,0,0,0,0
484,Spain,0,0,1979,0,0,0,1,0,9.0,7.0,2.0,0.26030514630408735,0,0,0,0,0,1,7.0,3.0,0,0,0,0.528,0,0,0,0,0
520,Poland,1,0,1990,0,1,0,0,0,9.0,4.0,1.0,0.06753159540263082,0,1,1,1,1,1,4.0,9.0,0,0,1,0.326,0,0,0,0,1
521,Poland,1,0,1990,0,1,0,0,0,9.0,4.0,1.0,0.06753159540263082,0,1,1,1,1,1,4.0,9.0,0,0,1,0.326,0,0,0,0,1
562,Czechoslovakia,1,0,1990,0,1,0,1,0,2.0,3.0,0.0,0.0894067701898546,0,1,1,1,1,0,3.0,1.0,0,0,0,0.151,0,0,0,0,0
570,Slovakia,1,0,1994,0,1,0,1,1,7.0,6.0,2.0,0.3518208060132928,0,1,1,0,1,0,6.0,1.0,0,0,0,0.327,0,0,0,0,0
594,Albania,1,0,1991,0,0,0,1,0,6.0,3.0,0.0,0.035908804287297695,0,1,0,0,0,1,3.0,6.0,0,1,0,0.182,1,1,1,0,0
595,Albania,1,0,1991,0,0,0,1,0,6.0,3.0,0.0,0.035908804287297695,0,1,0,0,0,1,3.0,6.0,0,1,0,0.182,1,1,1,0,0
596,Albania,1,0,1992,0,0,0,1,0,-88.0,1.5,0.0,0.04921476380138937,1,1,1,0,1,1,-88.0,7.0,1,0,0,0.291,0,1,0,0,0
597,Albania,1,0,1992,0,0,0,1,0,-88.0,1.5,0.0,0.04921476380138937,1,1,1,0,1,1,-88.0,7.0,1,0,0,0.291,0,1,0,0,0
598,Albania,1,0,1996,0,0,0,1,0,6.0,5.0,1.0,0.024183179099972,0,1,0,0,0,1,5.0,4.0,1,1,1,0.449,1,1,1,0,1
599,Albania,1,1,1996,0,0,0,1,0,6.0,5.0,1.0,0.024183179099972,0,1,0,0,0,1,5.0,4.0,1,1,1,0.449,0,1,1,0,1
600,Albania,1,0,1997,0,0,0,1,0,6.0,5.0,1.0,0.03983813921363657,0,1,1,0,1,1,5.0,5.0,1,0,1,0.404,0,1,0,0,1
601,Albania,1,0,1997,0,0,1,1,0,6.0,5.0,1.0,0.03983813921363657,0,1,1,0,1,1,5.0,5.0,1,0,1,0.404,0,1,0,0,1
602,Albania,0,0,2001,0,0,0,1,0,8.0,5.0,2.0,0.04716138103752223,0,1,0,0,1,0,5.0,2.0,0,0,1,0.392,0,0,0,0,1
603,Albania,0,0,2001,0,0,0,1,0,8.0,5.0,2.0,0.04716138103752223,0,1,0,0,1,0,5.0,2.0,0,0,1,0.392,0,0,0,0,1
604,Albania,1,0,2005,0,0,0,1,0,9.0,6.0,2.0,0.08486783601854785,0,1,1,0,1,0,6.0,3.0,0,0,1,0.495,0,0,0,0,1
605,Albania,0,0,2009,0,0,1,1,1,9.0,7.0,3.0,0.1746202864862856,0,1,0,0,1,0,7.0,4.0,0,0,1,0.517,0,1,0,0,1
606,Albania,1,0,2013,0,1,0,1,0,9.0,7.0,3.0,0.1901992209999957,0,1,1,0,1,0,7.0,8.0,0,0,1,0.537,0,0,0,0,1
611,Montenegro,0,0,2009,0,0,1,1,1,9.0,7.0,1.0,0.6880501356329073,0,1,0,0,0,0,7.0,6.0,0,0,1,0.492,0,0,0,0,1
612,Montenegro,1,0,2013,0,0,0,1,0,9.0,7.0,2.0,0.39101178329025366,0,1,0,0,0,1,7.0,10.0,0,0,0,0.498,0,0,1,0,0
613,Macedonia (FYROM),1,0,1994,0,0,1,1,0,9.0,5.0,0.0,0.24734899754569636,0,1,0,0,0,1,5.0,2.0,0,0,1,0.278,0,0,1,0,1
614,Macedonia (FYROM),1,1,1994,0,0,1,1,0,9.0,5.0,0.0,0.24734899754569636,0,1,0,0,0,1,5.0,2.0,0,0,1,0.278,0,0,1,0,1
615,Macedonia (FYROM),1,0,1998,0,0,0,1,0,9.0,5.0,1.0,0.32079337640460404,0,1,1,0,1,0,5.0,6.0,0,0,1,0.483,0,0,0,0,1
616,Macedonia (FYROM),1,0,1998,0,0,0,1,0,9.0,5.0,1.0,0.32079337640460404,0,1,1,0,1,0,5.0,6.0,0,0,1,0.483,0,0,0,0,1
617,Macedonia (FYROM),1,0,2002,0,0,0,1,0,9.0,5.0,1.0,0.31384113306644607,0,1,1,0,1,0,5.0,4.0,0,0,1,0.467,0,0,0,0,1
620,Macedonia (FYROM),0,0,2011,0,0,1,1,0,9.0,7.0,1.0,0.6686860522406742,0,1,0,0,1,1,7.0,5.0,0,0,1,0.562,0,0,0,0,1
621,Croatia,0,1,1992,0,0,1,1,0,6.0,3.0,0.0,0,0,1,0,0,0,1,3.0,2.0,0,0,1,0.246,0,1,0,0,1
622,Croatia,0,0,1997,0,0,1,1,0,3.0,3.0,1.0,0.56763899217525,0,1,0,0,0,0,3.0,7.0,0,0,1,0.41,0,0,0,0,1
623,Croatia,1,0,2000,0,1,0,0,0,-88.0,3.0,2.0,0.5608593755709529,1,1,1,0,1,0,-88.0,1.0,0,0,1,0.459,0,0,0,0,1
624,Croatia,1,0,2000,0,1,0,0,0,-88.0,3.0,2.0,0.5608593755709529,1,1,1,0,1,0,-88.0,1.0,0,0,1,0.459,0,0,0,0,1
629,Serbia (Yugoslavia),1,1,2000,0,1,0,1,0,2.0,3.0,0.0,0.0,0,1,1,0,1,1,3.0,11.0,1,1,0,0.282,0,0,1,0,0
641,Kosovo,1,0,2010,0,0,1,1,0,9.0,7.0,0.0,0.1354742270354574,0,1,0,1,0,1,7.0,2.0,0,0,1,0.507,1,1,1,0,1
648,Greece,1,1,1946,0,0,0,1,0,7.0,7.0,0.0,0.009113172723133289,0,0,1,0,1,1,7.0,1.0,0,0,1,0.127,0,1,0,0,1
650,Greece,0,0,1951,0,0,0,1,1,2.0,7.0,2.0,0.031407474404150995,0,0,0,1,1,1,7.0,1.0,0,0,1,0.316,0,0,0,0,1
652,Greece,0,0,1956,0,0,0,1,1,2.0,7.0,3.0,0.038225606848549254,0,0,0,1,1,0,7.0,1.0,0,0,1,0.428,0,0,0,0,1
654,Greece,0,0,1961,0,0,0,1,1,2.0,7.0,3.0,0.040019462690841244,0,0,0,1,0,0,7.0,3.0,0,0,1,0.42,0,0,0,0,1
655,Greece,1,0,1963,0,0,1,1,0,2.0,7.0,3.0,0.033511244170919136,0,0,1,1,1,0,7.0,2.0,0,0,0,0.389,0,0,0,0,0
656,Greece,0,0,1964,0,0,0,1,0,2.0,7.0,3.0,0.03689353338122046,0,0,0,1,0,0,7.0,1.0,0,0,1,0.398,0,0,0,0,1
657,Greece,0,0,1974,0,0,0,1,0,1.0,1.0,3.0,0.13685169692291424,0,0,0,1,0,0,1.0,1.0,0,0,1,0.077,0,0,0,0,1
695,Moldova,1,0,2009,0,0,1,1,0,9.0,7.0,2.0,0.2245643330022259,0,1,0,0,0,1,7.0,1.0,0,0,1,0.507,1,1,1,0,1
696,Moldova,1,0,2009,0,1,0,1,0,9.0,7.0,2.0,0.2245643330022259,0,1,1,0,1,1,7.0,1.0,0,0,1,0.507,0,0,0,0,1
697,Moldova,0,0,2010,0,0,1,1,0,9.0,7.0,2.0,0.16086590631877992,0,1,0,0,0,1,7.0,1.0,0,0,1,0.488,0,0,0,0,1
698,Romania,0,0,1990,0,0,1,1,0,-88.0,2.0,1.0,0.06755443517576257,1,1,0,1,0,1,-88.0,1.0,1,0,1,0.126,0,0,0,0,1
699,Romania,0,0,1992,0,0,0,1,0,7.0,5.0,1.0,0.10171729449912215,0,1,0,0,0,0,5.0,1.0,1,0,1,0.503,0,0,0,0,1
700,Romania,0,0,1992,0,0,0,1,0,7.0,5.0,1.0,0.10171729449912215,0,1,0,0,0,0,5.0,1.0,1,0,1,0.503,0,0,0,0,1
701,Romania,1,0,1996,0,1,0,1,1,7.0,5.0,2.0,0.22330963273818674,0,1,1,0,1,0,5.0,4.0,0,0,1,0.565,0,0,0,0,1
705,Russia (Soviet Union),1,0,1991,0,1,0,1,0,2.0,4.0,0.0,0.12950387625848125,0,1,1,0,1,1,4.0,6.0,0,0,0,0.235,0,0,0,0,0
706,Russia (Soviet Union),0,0,1996,0,1,0,1,0,9.0,3.0,1.0,0.21599186074784196,0,1,0,0,0,0,3.0,5.0,0,0,1,0.453,0,0,0,0,1
707,Russia (Soviet Union),0,0,1996,0,1,0,1,0,9.0,3.0,1.0,0.21599186074784196,0,1,0,0,0,0,3.0,5.0,0,0,1,0.453,0,0,0,0,1
708,Russia (Soviet Union),0,0,2000,0,0,1,0,0,9.0,3.0,1.0,0.20080358235698287,0,1,0,0,0,0,3.0,0.0,0,0,0,0.486,0,0,0,0,0
709,Russia (Soviet Union),0,0,2004,0,0,1,1,0,9.0,5.0,1.0,0.3247512277978924,0,1,0,0,0,0,5.0,4.0,0,1,1,0.343,0,1,0,0,1
710,Russia (Soviet Union),0,0,2008,0,0,1,0,1,8.0,4.0,1.0,0.735588585205878,0,1,0,0,0,0,4.0,8.0,0,1,0,0.321,0,0,0,0,0
711,Russia (Soviet Union),1,0,2012,0,0,1,0,0,8.0,4.0,2.0,0.8668727517400836,0,1,0,0,0,0,4.0,12.0,0,1,0,0.33,1,0,1,0,0
733,Ukraine,0,0,1994,0,1,0,1,0,7.0,5.0,0.0,0.046490725196367086,0,1,0,0,0,1,5.0,4.0,0,0,1,0.539,0,0,0,0,1
734,Ukraine,1,0,1994,0,0,0,1,0,7.0,5.0,0.0,0.046490725196367086,0,1,1,0,1,1,5.0,4.0,0,0,1,0.539,0,0,0,0,1
735,Ukraine,0,0,1999,0,0,1,1,0,9.0,5.0,1.0,0.07726068287591212,0,1,0,0,0,1,5.0,5.0,0,1,1,0.472,0,1,0,0,1
736,Ukraine,0,0,1999,0,0,1,1,0,9.0,5.0,1.0,0.07726068287591212,0,1,0,0,0,1,5.0,5.0,0,1,1,0.472,0,1,0,0,1
737,Ukraine,1,0,2004,0,1,0,0,1,7.0,5.0,1.0,0.11628699818200038,0,1,1,0,0,0,5.0,10.0,1,1,1,0.414,0,0,1,0,1
738,Ukraine,1,0,2004,0,1,0,0,1,7.0,5.0,1.0,0.11628699818200038,0,1,1,0,0,0,5.0,10.0,1,1,1,0.414,0,0,1,0,1
739,Ukraine,1,0,2004,0,1,0,0,1,7.0,5.0,1.0,0.11628699818200038,0,1,1,0,1,0,5.0,10.0,1,0,1,0.414,0,0,1,0,1
744,Belarus,0,0,2001,0,1,0,1,0,2.0,2.0,0.0,0.1359859562218269,0,1,0,0,0,0,2.0,7.0,0,1,1,0.306,0,0,0,0,1
745,Belarus,1,0,2006,0,0,1,1,1,2.0,2.0,0.0,0.3113384115139573,0,1,0,0,0,0,2.0,12.0,1,1,1,0.23,1,1,1,0,1
746,Belarus,1,0,2010,0,0,0,1,0,2.0,2.0,0.0,0.41531474635904586,0,1,0,0,0,0,2.0,16.0,1,1,1,0.227,1,1,1,1,1
747,Armenia,1,0,1996,0,1,0,1,0,6.0,3.0,0.0,0.045850526635288026,0,1,0,0,0,1,3.0,5.0,0,0,1,0.505,1,0,1,0,1
748,Armenia,0,0,1998,0,1,0,1,0,2.0,3.0,0.0,0.0510733462474231,0,1,0,1,0,0,3.0,7.0,1,0,1,0.37,0,0,0,0,1
749,Armenia,0,0,1998,0,1,0,1,0,2.0,3.0,0.0,0.0510733462474231,0,1,0,1,0,0,3.0,7.0,1,0,1,0.37,0,0,0,0,1
750,Armenia,1,0,2003,0,0,1,1,0,8.0,5.0,2.0,0.06321510734560654,0,1,0,0,0,0,5.0,5.0,0,0,1,0.466,0,0,1,0,1
751,Armenia,1,0,2003,0,0,1,1,0,8.0,5.0,2.0,0.06321510734560654,0,1,0,0,0,0,5.0,5.0,0,0,1,0.466,0,0,1,0,1
752,Armenia,1,0,2008,0,0,0,0,0,7.0,5.0,2.0,0.25799582844306507,0,1,0,0,0,0,5.0,10.0,1,0,1,0.35,1,1,1,0,1
753,Armenia,1,1,2013,0,0,1,1,0,7.0,5.0,2.0,0.2480574953481465,0,1,0,0,0,0,5.0,5.0,0,0,0,0.388,0,0,1,0,0
755,Georgia,0,0,2000,0,0,1,1,0,5.0,5.0,2.0,0.05038761091322119,0,1,0,0,0,0,5.0,8.0,0,0,1,0.37,0,0,0,0,1
757,Georgia,0,0,2008,0,0,1,1,0,8.0,5.0,2.0,0.25009083994820536,0,1,0,0,1,1,5.0,1.0,0,0,1,0.592,0,0,0,0,1
758,Georgia,1,0,2013,0,1,0,0,0,8.0,5.0,2.0,0.3494416274626491,0,1,1,0,1,0,5.0,5.0,0,0,1,0.539,0,0,0,0,1
760,Azerbaijan,0,1,1993,0,0,1,1,0,6.0,3.0,0.0,0.03611230415421192,0,1,0,1,0,0,3.0,1.0,0,0,1,0.351,0,0,0,0,1
761,Azerbaijan,1,1,1998,0,0,1,1,0,3.0,2.0,0.0,0.01809574373061941,0,1,0,0,0,0,2.0,5.0,0,0,1,0.248,0,0,1,0,1
762,Azerbaijan,1,0,2003,0,1,0,0,0,2.0,2.0,1.0,0.10485800438322535,0,1,0,0,0,0,2.0,10.0,0,0,1,0.25,1,1,1,0,1
763,Azerbaijan,0,1,2008,0,0,0,1,1,2.0,2.0,1.0,0.6511553155056453,0,1,0,0,0,0,2.0,5.0,0,1,0,0.215,0,0,0,0,0
764,Azerbaijan,1,0,2013,0,0,0,1,1,2.0,2.0,1.0,0.6640508880968669,0,1,0,0,0,1,2.0,10.0,0,1,0,0.197,0,0,1,0,0
843,Cape Verde,1,0,1991,0,0,0,1,0,3.0,5.0,0.0,0.0,0,1,1,0,1,0,5.0,16.0,0,0,1,0.387,0,0,0,1,1
849,Guinea-Bissau,0,0,1994,0,0,0,1,0,3.0,3.0,1.0,0.018148550289013292,0,1,0,0,0,1,3.0,14.0,0,0,1,0.161,0,0,0,1,1
850,Guinea-Bissau,0,0,1994,0,0,0,1,0,3.0,3.0,1.0,0.018148550289013292,0,1,0,0,0,1,3.0,14.0,0,0,1,0.161,0,0,0,1,1
858,Equatorial Guinea,0,1,1996,0,0,0,1,1,2.0,2.0,0.0,0.18220866292168134,0,1,0,0,0,0,2.0,17.0,0,1,1,0.186,0,1,0,1,1
859,Equatorial Guinea,0,0,2002,0,0,0,1,1,2.0,1.0,0.0,0.9398415722531573,0,1,0,0,0,0,1.0,23.0,0,1,1,0.184,0,0,0,1,1
860,Equatorial Guinea,0,0,2009,0,0,0,1,1,2.0,1.0,0.0,2.392158851613416,0,1,0,0,0,0,1.0,30.0,0,1,0,0.182,0,0,0,1,0
861,Equatorial Guinea,0,0,2013,0,1,0,1,0,2.0,1.0,0.0,2.506688848623566,0,1,0,0,0,0,1.0,34.0,0,0,1,0.172,0,0,0,1,1
862,Gambia,0,0,1982,0,0,0,1,0,9.0,5.0,1.0,0.039205180225388735,0,0,0,0,0,1,5.0,17.0,0,1,1,0.45,0,1,0,1,1
863,Gambia,0,0,1987,0,0,0,1,0,9.0,5.0,1.0,0.07645912296210336,0,0,0,0,0,1,5.0,22.0,0,0,1,0.457,0,0,0,1,1
864,Gambia,0,0,1992,0,0,1,1,1,10.0,5.0,1.0,0.1541360209162455,0,1,0,0,0,0,5.0,27.0,0,0,1,0.495,0,0,0,1,1
865,Gambia,0,0,1996,0,0,1,1,0,1.0,1.0,1.0,0.07517316529365851,0,1,0,0,0,0,1.0,2.0,1,1,0,0.109,0,1,0,0,0
866,Gambia,0,0,2001,0,0,0,1,1,2.0,2.0,1.0,0.05479053967776862,0,1,0,0,0,0,2.0,7.0,0,1,1,0.262,0,1,0,0,1
867,Gambia,0,0,2006,0,0,0,1,1,2.0,2.0,1.0,0.07506917777247628,0,1,0,0,0,0,2.0,12.0,1,0,1,0.283,0,0,0,0,1
868,Gambia,0,0,2011,0,0,0,1,0,2.0,2.0,1.0,0.062067972646470904,0,1,0,0,0,0,2.0,17.0,0,1,1,0.274,0,0,0,1,1
871,Mali,1,1,1997,0,0,0,1,0,5.0,5.0,1.0,0.03019459391646207,0,1,0,0,0,1,5.0,5.0,0,0,1,0.595,1,0,1,0,1
872,Mali,1,0,2002,0,1,0,0,0,7.0,5.0,1.0,0.03304662878567462,0,1,1,0,1,1,5.0,10.0,0,0,1,0.48,0,0,0,0,1
873,Mali,1,0,2002,0,1,0,0,0,7.0,5.0,1.0,0.03304662878567462,0,1,1,0,1,1,5.0,10.0,0,0,1,0.48,0,0,0,0,1
877,Senegal,0,1,1978,1,0,0,1,0,2.0,3.0,1.0,0.1283764345110249,0,0,0,0,0,0,3.0,18.0,0,0,0,0.358,0,1,0,1,1
878,Senegal,0,1,1983,1,0,0,1,0,9.0,3.0,1.0,0.09700922196368104,0,0,0,0,0,0,3.0,2.0,0,0,1,0.49,0,0,0,0,1
879,Senegal,1,1,1988,1,0,0,1,0,9.0,3.0,1.0,0.09277994773623786,0,0,0,0,1,0,3.0,7.0,0,0,1,0.514,1,1,1,0,1
880,Senegal,0,0,1993,1,0,0,1,0,9.0,3.0,1.0,0.09883419337911717,0,1,0,0,0,1,3.0,12.0,0,0,1,0.541,0,1,0,0,1
887,Benin,0,0,1991,0,0,0,1,0,-88.0,1.0,1.0,0.020772048294457262,1,1,0,1,1,1,-88.0,19.0,1,0,1,0.236,0,0,0,1,1
888,Benin,0,0,1991,0,0,0,1,0,-88.0,1.0,1.0,0.020772048294457262,1,1,0,1,1,1,-88.0,19.0,1,0,1,0.236,0,0,0,1,1
896,Mauritania,1,0,1992,0,0,0,1,0,2.0,3.0,1.0,0.1966643381539539,0,1,0,0,0,0,3.0,8.0,0,0,1,0.136,1,1,1,0,1
897,Mauritania,0,1,1997,0,0,0,1,1,2.0,3.0,1.0,0.2253600130959437,0,1,0,0,0,0,3.0,13.0,0,0,1,0.302,0,0,0,1,1
898,Mauritania,0,0,2003,0,0,0,1,1,2.0,3.0,1.0,0.15003763453960006,0,1,0,0,0,0,3.0,19.0,0,1,1,0.317,0,0,0,1,1
902,Niger,1,0,1993,0,0,0,0,0,-88.0,2.25,1.0,0.03529662969346267,1,1,1,1,1,1,-88.0,6.0,0,0,1,0.327,0,0,0,0,1
903,Niger,1,0,1993,0,0,0,0,0,-88.0,2.25,1.0,0.03529662969346267,1,1,1,1,1,1,-88.0,6.0,0,0,1,0.327,0,0,0,0,1
904,Niger,1,0,1996,0,0,0,1,0,5.0,7.0,1.0,0.028651106414601557,0,1,0,1,0,1,7.0,3.0,1,1,1,0.524,1,0,1,0,1
911,Cote d'Ivoire,0,0,1990,1,0,0,1,0,1.0,1.0,1.0,0.1378370992385945,0,1,0,0,0,1,1.0,30.0,0,1,1,0.177,0,0,0,1,1
912,Cote d'Ivoire,0,1,1995,1,0,0,1,1,2.0,3.0,1.0,0.1533866026715301,0,1,0,0,0,0,3.0,2.0,0,1,1,0.262,0,1,0,0,1
913,Cote d'Ivoire,1,1,2000,1,0,0,1,1,6.0,3.0,1.0,0.17183603553086987,0,1,0,0,0,0,3.0,1.0,1,0,1,0.403,1,1,1,0,1
916,Guinea,0,1,1993,0,0,0,1,0,2.0,2.0,0.0,0.08459532065146409,0,1,0,0,0,0,2.0,9.0,0,1,1,0.177,0,1,0,0,1
917,Guinea,0,0,1998,0,0,0,1,0,6.0,3.0,1.0,0.05922406808137942,0,1,0,0,0,1,3.0,14.0,0,1,1,0.277,1,1,0,1,1
918,Guinea,0,1,2003,0,0,0,1,0,6.0,3.0,1.0,0.056150956651235,0,1,0,0,0,1,3.0,19.0,1,1,1,0.294,0,0,0,1,1
921,Burkina Faso,0,0,1978,0,0,0,1,0,-88.0,2.0,1.0,0.02008125253325437,1,0,0,0,1,1,-88.0,4.0,0,0,1,0.196,0,1,0,0,1
922,Burkina Faso,0,0,1978,0,0,0,1,0,-88.0,2.0,1.0,0.02008125253325437,1,0,0,0,1,1,-88.0,4.0,0,0,1,0.196,0,1,0,0,1
923,Burkina Faso,0,1,1998,0,0,0,1,0,2.0,2.0,1.0,0.022868990711051577,0,1,0,0,0,1,2.0,11.0,0,0,1,0.465,0,0,0,0,1
924,Burkina Faso,0,0,2005,0,0,0,1,0,8.0,3.0,1.0,0.023086351977334434,0,1,0,0,0,0,3.0,18.0,0,0,1,0.547,0,0,0,1,1
925,Burkina Faso,0,0,2010,0,0,0,1,1,8.0,3.0,1.0,0.029429070598145042,0,1,0,0,0,0,3.0,23.0,0,0,1,0.546,0,0,0,1,1
926,Liberia,0,0,1955,1,0,0,1,0,2.0,3.0,0.0,0.0,0,0,0,0,0,0,3.0,11.0,0,1,1,0.204,0,1,0,0,1
927,Liberia,0,0,1959,1,0,0,1,1,2.0,3.0,0.0,0.1449130753448927,0,0,0,0,0,0,3.0,15.0,0,0,1,0.191,0,0,0,1,1
929,Liberia,1,0,1985,1,0,0,1,0,2.0,1.0,0.0,0.172705772957729,0,0,0,0,0,0,1.0,5.0,1,1,1,0.102,0,1,1,0,1
935,Sierra Leone,0,0,1962,0,0,0,1,0,7.0,5.0,1.0,0.05012829158400717,0,0,0,0,0,0,5.0,1.0,0,0,1,0.353,0,0,0,0,1
936,Sierra Leone,1,0,1967,0,0,0,1,0,7.0,5.0,1.0,0.04190319170154283,0,0,1,0,1,0,5.0,3.0,0,0,1,0.367,0,0,0,0,1
942,Sierra Leone,0,0,2012,0,0,0,1,0,8.0,6.0,1.0,0.06536686445946047,0,1,0,0,0,1,6.0,5.0,0,0,1,0.512,0,0,0,0,1
945,Ghana,1,0,1992,0,1,0,1,0,3.0,2.0,1.0,0.06036805406341257,0,1,0,0,0,0,2.0,11.0,0,0,1,0.111,0,0,1,0,1
946,Ghana,0,0,1996,0,0,0,1,0,6.0,3.0,1.0,0.10162803115332675,0,1,0,0,0,0,3.0,15.0,0,0,1,0.507,0,1,0,1,1
953,Togo,0,1,1993,1,0,0,1,0,2.0,2.0,1.0,0.08535751812921424,0,1,0,0,0,1,2.0,26.0,1,1,1,0.284,0,0,0,1,1
954,Togo,1,0,1998,1,0,1,1,0,6.0,2.0,1.0,0.04530801895549701,0,1,0,0,0,1,2.0,31.0,0,1,1,0.315,0,0,1,1,1
955,Togo,0,0,2003,1,0,0,1,0,6.0,2.0,1.0,0.02982614260093786,0,1,0,0,0,1,2.0,36.0,1,0,1,0.298,0,0,0,1,1
956,Togo,0,0,2005,1,1,0,0,1,6.0,2.0,1.0,0.033506680486448066,0,1,0,1,0,0,2.0,38.0,0,0,1,0.283,0,0,0,1,1
957,Cameroon,1,0,1992,1,1,0,1,0,7.0,2.0,1.0,0.13808988691673846,0,1,0,0,0,1,2.0,10.0,0,1,1,0.286,1,0,1,0,1
958,Cameroon,0,1,1997,1,0,0,1,1,2.0,2.0,1.0,0.09162430251052307,0,1,0,0,0,0,2.0,15.0,0,0,1,0.302,0,0,0,1,1
959,Cameroon,0,0,2004,1,0,0,1,1,2.0,2.0,1.0,0.08196337971354344,0,1,0,0,0,0,2.0,22.0,0,0,1,0.329,0,0,0,1,1
960,Cameroon,0,0,2011,0,0,0,1,1,6.0,2.0,1.0,0.09979510819682201,0,1,0,0,0,0,2.0,29.0,0,0,1,0.345,0,0,0,1,1
962,Nigeria,0,0,1983,0,1,0,1,0,6.0,7.0,1.0,0.18558225899214803,0,0,0,0,1,0,7.0,4.0,0,0,1,0.417,0,0,0,0,1
964,Nigeria,0,0,2003,0,0,0,1,0,5.0,5.0,1.0,0.09065889921549806,0,1,0,0,0,0,5.0,4.0,0,0,1,0.462,0,1,0,0,1
965,Nigeria,1,0,2007,0,0,0,0,0,5.0,5.0,1.0,0.25809361685985915,0,1,0,0,0,0,5.0,8.0,0,1,1,0.442,1,1,1,0,1
966,Nigeria,1,0,2011,0,0,1,1,1,5.0,5.0,1.0,0.27206358627011873,0,1,0,0,0,0,5.0,1.0,0,0,1,0.415,0,1,1,0,1
967,Gabon,1,0,1993,1,0,0,1,1,3.0,2.0,1.0,1.2557803802132346,0,1,0,0,0,0,2.0,26.0,1,0,1,0.332,1,1,1,1,1
968,Gabon,0,0,1998,1,0,0,1,0,3.0,2.0,1.0,1.3881628993979007,0,1,0,0,0,0,2.0,31.0,0,0,1,0.344,0,0,0,1,1
969,Gabon,1,0,2005,1,0,1,1,1,3.0,2.0,1.0,1.3779350418805725,0,1,0,0,0,0,2.0,38.0,0,0,1,0.371,0,0,1,1,1
970,Gabon,1,0,2009,1,0,0,0,0,3.0,2.0,1.0,1.4732011179188238,0,1,0,1,1,1,2.0,42.0,0,0,0,0.372,1,1,1,1,1
971,Central African Republic,1,1,1981,1,0,0,1,0,1.0,1.0,1.0,0.04435418262788668,0,0,0,0,1,1,1.0,2.0,0,1,1,0.141,1,1,1,0,1
973,Central African Republic,1,0,1993,1,0,0,1,0,2.0,1.0,1.0,0.0347421817957138,0,1,1,1,1,1,1.0,12.0,1,0,1,0.291,0,0,0,0,1
974,Central African Republic,1,0,1993,1,0,0,1,0,2.0,1.0,1.0,0.0347421817957138,0,1,1,1,1,1,1.0,12.0,1,0,1,0.291,0,0,0,0,1
975,Central African Republic,0,0,1999,0,0,0,1,0,7.0,5.0,1.0,0.024054113095007004,0,1,0,0,0,1,5.0,6.0,0,0,1,0.414,0,1,0,0,1
976,Central African Republic,0,0,2005,1,0,1,1,0,7.0,2.0,1.0,0.02500529057588074,0,1,0,0,0,1,2.0,2.0,0,1,1,0.221,0,0,0,0,1
977,Central African Republic,0,0,2005,1,0,1,1,0,7.0,2.0,1.0,0.02500529057588074,0,1,0,0,0,1,2.0,2.0,0,1,1,0.221,0,0,0,0,1
978,Central African Republic,0,0,2011,0,0,0,1,0,6.0,3.0,1.0,0.02220815634836617,0,1,0,0,0,0,3.0,8.0,0,1,1,0.37,0,1,0,0,1
979,Chad,0,0,1996,1,0,1,1,0,-88.0,2.5,1.0,0.02118762260431974,1,1,0,1,0,0,-88.0,6.0,0,0,1,0.182,0,0,0,0,1
980,Chad,0,1,1996,1,0,1,1,0,-88.0,2.5,1.0,0.02118762260431974,1,1,0,1,0,0,-88.0,6.0,0,0,1,0.182,0,0,0,0,1
981,Chad,0,0,2001,1,0,1,1,1,6.0,3.0,1.0,0.01386380313428532,0,1,0,0,0,0,3.0,11.0,0,0,1,0.28,0,0,0,0,1
982,Chad,0,1,2006,1,0,1,1,1,6.0,2.0,1.0,0.17797652020768825,0,1,0,0,0,0,2.0,16.0,0,0,1,0.284,0,0,0,1,1
983,Chad,0,1,2011,0,0,0,1,0,6.0,2.0,1.0,0.19854683922781274,0,1,0,0,0,0,2.0,21.0,0,0,1,0.29,0,0,0,1,1
984,Congo,1,0,1992,0,0,0,1,0,-88.0,2.0,1.0,0.35538596953936186,1,1,1,0,1,1,-88.0,13.0,0,0,1,0.267,0,0,0,1,1
985,Congo,1,0,1992,0,0,0,1,0,-88.0,2.0,1.0,0.35538596953936186,1,1,1,0,1,1,-88.0,13.0,0,0,1,0.267,0,0,0,1,1
986,Congo,1,1,2002,0,0,0,1,0,3.0,1.0,1.0,0.3001915403502519,0,1,0,0,0,1,1.0,5.0,0,0,1,0.164,1,1,1,0,1
987,Congo,0,1,2009,0,0,0,1,0,3.0,2.0,1.0,1.050014667573557,0,1,0,0,0,1,2.0,12.0,0,0,1,0.259,0,0,0,0,1
990,Democratic Republic of Congo,1,0,2011,0,0,0,1,0,8.0,5.0,1.0,0.018365088212094264,0,1,0,0,0,0,5.0,10.0,0,1,1,0.357,1,1,1,0,1
991,Uganda,0,0,2006,0,0,0,1,1,6.0,3.0,1.0,0.01970019115163885,0,1,0,0,0,0,3.0,20.0,1,1,1,0.317,0,1,0,1,1
992,Uganda,1,0,2011,0,0,0,1,0,6.0,3.0,1.0,0.023917156617715707,0,1,0,0,0,1,3.0,25.0,0,1,1,0.374,0,0,1,1,1
993,Kenya,0,0,1992,0,0,0,1,0,3.0,3.0,1.0,0.0504825656814174,0,1,0,0,1,0,3.0,14.0,0,0,1,0.202,0,1,0,1,1
994,Kenya,1,0,1997,0,0,0,1,0,3.0,3.0,1.0,0.05279588971647197,0,1,0,0,0,0,3.0,19.0,0,0,1,0.359,0,1,1,1,1
995,Kenya,1,0,2002,0,0,0,0,0,8.0,4.0,1.0,0.059828869576609725,0,1,1,0,1,0,4.0,24.0,0,0,1,0.364,0,0,0,1,1
996,Kenya,1,0,2007,0,1,0,1,0,9.0,6.0,1.0,0.06828268797548273,0,1,0,0,1,0,6.0,5.0,0,0,0,0.466,0,1,1,0,0
999,Tanzania,0,0,1995,0,0,1,0,0,3.0,3.0,1.0,0.018865830783406607,0,1,0,0,1,1,3.0,10.0,0,0,1,0.437,0,0,0,0,1
1000,Tanzania,1,0,2000,0,0,0,1,0,3.0,3.0,1.0,0.0208484325394314,0,1,0,0,0,0,3.0,5.0,0,0,1,0.558,0,0,1,0,1
1002,Tanzania,0,0,2010,0,0,1,1,1,3.0,3.0,1.0,0.02973095916223394,0,1,0,0,1,0,3.0,5.0,0,0,1,0.526,0,0,0,0,1
1003,Burundi,1,0,1993,0,0,1,1,0,-88.0,2.0,1.0,0.021372340545195132,1,1,1,0,1,1,-88.0,6.0,0,0,1,0.177,0,0,0,0,1
1004,Rwanda,0,0,2003,0,0,1,1,0,3.0,2.0,1.0,0.007173867770121801,0,1,0,1,0,1,2.0,9.0,0,1,1,0.116,0,0,0,0,1
1005,Djibouti,0,1,1993,0,0,0,1,0,2.0,2.0,0.0,0.2868619562285305,0,1,0,0,0,0,2.0,16.0,0,0,1,0.211,0,0,0,1,1
1006,Djibouti,0,0,1999,0,0,0,0,0,3.0,2.0,1.0,0.21647715138794227,0,1,0,0,0,1,2.0,22.0,0,1,1,0.268,0,0,0,1,1
1007,Djibouti,0,1,2011,0,0,0,1,0,7.0,3.0,1.0,0.29105469333613,0,1,0,0,0,0,3.0,12.0,0,1,1,0.244,0,1,0,0,1
1008,Ethiopia,0,1,1995,0,0,0,1,0,-88.0,2.0,0.0,0.010261215910415745,1,1,0,1,0,1,-88.0,4.0,0,1,1,0.202,0,1,0,0,1
1009,Ethiopia,0,0,2000,0,0,0,1,0,6.0,3.0,0.0,0.01002197547786577,0,1,0,0,1,1,3.0,9.0,0,1,1,0.274,0,0,0,0,1
1010,Ethiopia,1,0,2005,0,1,0,1,1,6.0,3.0,0.0,0.011872481764243407,0,1,0,0,1,1,3.0,14.0,1,1,1,0.253,1,1,1,1,1
1011,Angola,1,0,1992,0,1,0,1,0,-88.0,3.0,0.0,0.29757351172264046,1,1,0,0,0,1,-88.0,13.0,0,1,1,0.088,1,1,1,1,1
1013,Mozambique,0,0,1999,0,0,1,1,1,9.0,4.0,1.0,0.00920888393571432,0,1,0,0,0,0,4.0,13.0,0,0,0,0.492,0,0,0,1,0
1014,Mozambique,0,0,2004,0,1,0,0,1,9.0,4.0,1.0,0.018015880873934735,0,1,0,0,0,0,4.0,18.0,0,0,1,0.445,0,0,0,1,1
1015,Mozambique,0,0,2009,0,0,1,1,1,9.0,4.0,1.0,0.028631140116377966,0,1,0,0,0,0,4.0,4.0,0,0,1,0.502,0,0,0,0,1
1016,Zambia,0,0,1968,0,0,0,1,1,6.0,3.0,0.0,0.1310928452391036,0,0,0,0,0,0,3.0,4.0,1,1,1,0.304,0,1,0,0,1
1017,Zambia,1,0,1991,0,0,0,1,0,1.0,1.0,1.0,0.14419117590446556,0,1,1,0,1,1,1.0,27.0,0,0,1,0.236,0,0,0,1,1
1018,Zambia,0,1,1996,0,0,0,1,0,7.0,5.0,1.0,0.06487639801622386,0,1,0,0,0,0,5.0,5.0,0,1,1,0.478,0,0,0,0,1
1019,Zambia,1,0,2001,0,0,0,0,1,7.0,5.0,1.0,0.03958127904043642,0,1,0,0,1,0,5.0,10.0,0,0,1,0.501,0,0,1,0,1
1020,Zambia,1,0,2006,0,0,1,1,1,7.0,5.0,1.0,0.05780025947914182,0,1,0,0,0,0,5.0,4.0,1,0,1,0.485,0,0,1,0,1
1021,Zambia,1,0,2008,0,0,0,1,1,7.0,5.0,1.0,0.061171630367180124,0,1,0,0,0,0,5.0,6.0,0,0,1,0.502,0,0,1,0,1
1022,Zambia,1,0,2011,0,0,0,1,0,9.0,5.0,1.0,0.03576595169721382,0,1,1,0,1,0,5.0,3.0,0,0,1,0.521,0,1,0,0,1
1023,Zimbabwe,1,0,1985,0,0,0,1,0,3.0,4.0,1.0,0.06940249506513733,0,0,0,0,0,0,4.0,5.0,0,0,1,0.218,1,1,1,0,1
1024,Zimbabwe,1,0,1985,0,0,0,1,0,3.0,4.0,1.0,0.06940249506513733,0,0,0,0,0,0,4.0,5.0,0,1,1,0.218,1,1,1,0,1
1025,Zimbabwe,1,0,1990,0,0,0,1,0,2.0,3.0,1.0,0.08793959328091748,0,1,0,0,0,0,3.0,10.0,0,1,1,0.291,1,1,1,0,1
1026,Zimbabwe,0,1,1996,0,0,0,1,1,2.0,3.0,1.0,0.12403911748496302,0,1,0,0,0,0,3.0,16.0,0,1,1,0.307,0,0,0,1,1
1027,Zimbabwe,1,1,2002,0,0,0,1,0,6.0,2.0,1.0,0.05483696237046891,0,1,0,0,1,1,2.0,22.0,1,1,1,0.281,1,1,1,1,1
1028,Zimbabwe,1,0,2008,0,0,0,1,0,6.0,2.0,1.0,0.05404909879754631,0,1,1,0,1,1,2.0,28.0,1,1,0,0.253,0,1,0,1,0
1029,Zimbabwe,0,0,2013,0,0,0,1,1,6.0,3.0,1.0,0.03380696429900705,0,1,0,0,0,0,3.0,33.0,0,1,1,0.269,0,0,0,1,1
1030,Malawi,1,0,1994,0,1,0,1,0,3.0,2.0,1.0,0.03277444405120785,0,1,1,0,1,0,2.0,30.0,0,1,1,0.244,0,0,0,1,1
1031,Malawi,1,0,1999,0,0,1,1,0,9.0,5.0,1.0,0.028396055021476886,0,1,0,0,0,0,5.0,5.0,0,1,1,0.563,0,0,1,0,1
1032,Malawi,1,0,2004,0,0,1,0,0,8.0,5.0,1.0,0.023102681426490544,0,1,0,0,0,0,5.0,10.0,0,0,1,0.43,0,0,1,0,1
1033,Malawi,0,0,2009,0,0,1,1,0,7.0,6.0,1.0,0.026458831322125096,0,1,0,0,0,0,6.0,5.0,0,0,1,0.488,0,0,0,0,1
1034,South Africa,1,0,1948,0,0,0,1,0,2.0,7.0,1.0,0.00397792946180418,0,0,1,0,1,0,7.0,9.0,0,0,0,0.234,0,0,0,0,0
1035,South Africa,0,0,1953,0,0,0,1,0,2.0,7.0,1.0,0.07054457155188588,0,0,0,0,0,0,7.0,5.0,0,1,0,0.203,1,1,0,0,0
1036,South Africa,0,0,1958,0,0,0,1,1,2.0,7.0,1.0,0.09600843170307974,0,0,0,0,0,0,7.0,4.0,0,0,0,0.208,0,1,0,0,0
1037,South Africa,0,1,1961,0,0,0,1,0,2.0,7.0,1.0,0.08622163311425117,0,0,0,0,0,0,7.0,3.0,1,1,1,0.215,1,1,0,0,1
1038,South Africa,0,0,1966,0,0,0,1,0,2.0,7.0,1.0,0.1168452894563013,0,0,0,0,0,1,7.0,8.0,1,1,1,0.168,0,1,0,0,1
1039,South Africa,0,0,1970,0,0,0,1,1,2.0,7.0,1.0,0.13111885953694882,0,0,0,0,1,0,7.0,4.0,1,1,0,0.173,1,0,0,0,0
1040,South Africa,0,0,1974,0,0,0,1,1,2.0,7.0,1.0,0.17355020471216145,0,0,0,0,0,0,7.0,8.0,1,0,0,0.18,0,0,0,0,0
1041,South Africa,0,0,1977,0,0,0,1,0,2.0,7.0,1.0,0.2359102309998855,0,0,0,0,0,0,7.0,11.0,1,1,0,0.169,0,1,0,0,0
1042,South Africa,0,1,1981,0,0,1,1,1,2.0,7.0,1.0,0.43145735458299406,0,0,0,0,1,0,7.0,3.0,1,0,0,0.165,0,0,0,0,0
1043,South Africa,0,1,1989,0,0,0,0,0,2.0,7.0,1.0,0.2890811394548082,0,0,0,0,1,1,7.0,11.0,1,0,0,0.18,1,1,0,0,0
1045,Namibia,0,0,1994,0,0,1,1,0,9.0,5.0,1.0,0.10566754818997198,0,1,0,0,0,0,5.0,4.0,0,0,0,0.58,0,0,0,0,0
1049,Lesotho,1,0,1970,0,0,0,1,0,7.0,5.0,0.0,0.0,0,0,1,0,1,0,5.0,4.0,1,1,1,0.182,1,1,0,0,1
1051,Lesotho,1,0,1998,0,0,0,0,0,7.0,5.0,1.0,0.05190798619943875,0,1,0,0,0,0,5.0,4.0,0,0,1,0.319,1,1,1,0,1
1052,Lesotho,0,0,2002,0,0,1,1,0,8.0,6.0,1.0,0.10398094370786662,0,1,0,1,0,0,6.0,4.0,0,0,1,0.321,0,0,0,0,1
1054,Lesotho,0,0,2012,0,0,1,1,0,7.0,7.0,1.0,0.18889719597087617,0,1,0,0,1,0,7.0,14.0,0,0,1,0.585,0,0,0,1,1
1057,Madagascar,0,0,1992,0,0,0,1,0,-88.0,3.0,1.0,0.04089984546003493,1,1,0,0,1,1,-88.0,17.0,0,0,1,0.251,0,1,0,1,1
1058,Madagascar,1,0,1993,0,0,0,1,0,9.0,7.0,1.0,0.03682716737701825,0,1,1,0,1,1,7.0,18.0,0,0,1,0.265,0,1,0,1,1
1059,Madagascar,1,0,1996,0,0,0,1,0,9.0,7.0,1.0,0.04727446213763917,0,1,1,1,1,0,7.0,3.0,0,0,1,0.584,0,1,0,0,1
1060,Madagascar,1,0,1996,0,0,0,1,0,9.0,7.0,1.0,0.04727446213763917,0,1,1,1,1,0,7.0,3.0,0,0,1,0.584,0,1,0,0,1
1061,Madagascar,1,0,2001,0,0,0,1,0,9.0,5.0,1.0,0.04939648646321128,0,1,1,0,1,0,5.0,4.0,0,0,1,0.527,0,1,1,0,1
1062,Madagascar,0,0,2006,0,0,1,1,1,9.0,5.0,1.0,0.06668539933487473,0,1,0,0,0,0,5.0,4.0,0,1,1,0.491,0,0,0,0,1
1065,Comoros,0,0,1990,0,0,0,1,0,1.0,1.0,0.0,0.09843603012201874,0,1,0,0,1,1,1.0,1.0,0,1,1,0.218,0,0,0,0,1
1066,Comoros,0,0,1990,0,0,0,1,0,1.0,1.0,0.0,0.09843603012201874,0,1,0,0,1,1,1.0,1.0,0,1,1,0.218,0,0,0,0,1
1080,Algeria,0,1,1995,0,1,0,1,0,1.0,1.0,0.0,0.2897591569800575,0,1,0,1,0,1,1.0,1.0,0,0,1,0.167,0,1,0,0,1
1082,Algeria,0,1,2004,0,0,0,1,1,6.0,3.0,1.0,0.4178888448054483,0,1,0,0,0,0,3.0,5.0,0,0,1,0.336,1,1,0,0,1
1083,Algeria,1,1,2009,0,0,0,1,0,6.0,5.0,1.0,0.8206328696114956,0,1,0,0,0,0,5.0,10.0,0,0,1,0.356,1,1,1,0,1
1084,Tunisia,0,1,1999,0,0,0,1,1,6.0,3.0,1.0,0.5452811521535585,0,1,0,0,0,0,3.0,12.0,0,1,1,0.205,0,0,0,0,1
1085,Tunisia,0,1,2004,0,0,0,1,1,6.0,2.0,1.0,0.6310040909714927,0,1,0,0,0,0,2.0,17.0,0,1,1,0.208,0,0,0,1,1
1086,Tunisia,0,0,2009,0,0,0,1,1,6.0,2.0,1.0,0.9543315104881035,0,1,0,0,0,0,2.0,22.0,0,1,0,0.198,0,0,0,1,0
1087,Sudan,0,0,1958,0,0,0,1,0,7.0,7.0,0.0,0.014340909879130526,0,0,0,0,0,1,7.0,2.0,0,0,1,0.293,0,0,0,0,1
1088,Sudan,0,0,1958,0,0,0,1,0,7.0,7.0,0.0,0.014340909879130526,0,0,0,0,0,1,7.0,2.0,0,0,1,0.293,0,0,0,0,1
1090,Sudan,0,1,1968,0,0,0,1,0,6.0,7.0,0.0,0.010033206510468998,0,0,0,1,0,0,7.0,1.0,0,0,1,0.201,0,0,0,0,1
1091,Sudan,0,1,2000,0,0,0,1,1,2.0,1.0,0.0,0.018636465166969114,0,1,0,0,0,1,1.0,11.0,0,1,1,0.159,0,0,0,0,1
1092,Sudan,1,1,2010,0,0,0,1,1,3.0,3.0,0.0,0.07097299691008474,0,1,0,0,0,1,3.0,21.0,0,1,1,0.227,1,1,1,1,1
1093,Iran,0,0,1979,1,0,0,1,0,1.0,1.0,0.0,0.36065624059370976,0,0,0,0,1,0,1.0,26.0,1,0,0,0.123,0,1,0,1,1
1094,Iran,0,0,2001,0,0,0,1,0,6.0,4.0,0.0,0.14509994064788692,0,1,0,0,0,0,4.0,4.0,0,0,0,0.258,0,0,0,0,0
1097,Iran,1,0,2009,0,1,0,1,0,3.0,2.0,0.0,0.38761488615296863,0,1,0,0,0,1,2.0,4.0,0,1,0,0.178,1,1,1,0,0
1100,Turkey,1,0,1950,0,1,0,1,0,9.0,6.0,1.0,0.010483195641129924,0,0,1,0,1,0,6.0,12.0,1,0,1,0.233,0,0,0,0,1
1101,Turkey,0,0,1954,0,0,1,1,1,9.0,6.0,3.0,0.013317510705705181,0,0,0,0,0,0,6.0,4.0,0,1,1,0.445,0,0,0,0,1
1102,Turkey,1,0,1957,0,0,0,1,0,6.0,5.0,3.0,0.01725876631815762,0,0,0,0,1,1,5.0,7.0,1,1,1,0.377,1,1,1,0,1
1103,Turkey,1,0,1961,0,0,0,0,1,-88.0,5.0,3.0,0.010595886058531517,1,0,1,0,0,0,-88.0,1.0,0,1,0,0.222,0,0,0,0,0
1104,Turkey,1,0,1964,0,0,0,1,1,9.0,7.0,3.0,0.015563540190455449,0,0,1,0,1,0,7.0,3.0,0,0,1,0.316,0,0,0,0,1
1105,Turkey,1,0,1965,0,0,0,0,1,9.0,7.0,3.0,0.012289674681423748,0,0,1,0,0,0,7.0,4.0,0,0,0,0.331,0,0,0,0,0
1106,Turkey,0,0,1966,0,0,0,1,1,9.0,6.0,3.0,0.012880191300790841,0,0,0,0,0,0,6.0,1.0,0,0,0,0.331,0,0,0,0,0
1109,Turkey,0,0,1973,0,0,0,1,0,2.0,3.0,3.0,0.0187232224433304,0,0,0,0,1,0,3.0,1.0,1,0,0,0.531,0,1,0,0,0
1113,Turkey,1,0,1983,0,0,0,0,1,1.0,1.0,3.0,0.05769750943927636,0,0,1,1,1,0,1.0,3.0,0,1,1,0.117,0,0,0,0,1
1114,Turkey,0,0,1987,0,0,0,1,1,9.0,6.0,3.0,0.08614790929509625,0,0,0,0,0,0,6.0,4.0,0,1,1,0.419,0,0,0,0,1
1115,Turkey,1,0,1991,0,1,0,1,0,9.0,7.0,3.0,0.25124068613379796,0,1,1,0,1,0,7.0,2.0,0,0,1,0.52,0,0,0,0,1
1116,Turkey,1,0,1995,0,0,0,1,0,8.0,7.0,3.0,0.25938775962121036,0,1,1,0,1,0,7.0,2.0,0,0,1,0.559,0,0,0,0,1
1117,Turkey,0,0,1999,0,0,0,1,0,6.0,7.0,3.0,0.4024284217240866,0,1,0,0,1,0,7.0,2.0,0,1,0,0.55,0,0,0,0,0
1121,Egypt,0,0,2005,1,0,0,1,0,2.0,3.0,1.0,0.09249299358903697,0,1,0,0,1,0,3.0,24.0,0,1,1,0.206,0,1,0,1,1
1130,Lebanon,0,0,1960,0,0,0,1,1,6.0,3.0,0.0,0.06906677801669839,0,0,0,0,1,0,3.0,2.0,0,0,1,0.363,0,0,0,0,1
1131,Lebanon,0,0,1964,0,0,0,0,1,6.0,3.0,0.0,0.055876173726953526,0,0,0,0,0,0,3.0,6.0,0,0,1,0.395,0,0,0,0,1
1132,Lebanon,0,0,1968,0,0,0,1,1,6.0,3.0,0.0,0.056504963946060145,0,0,0,0,1,0,3.0,4.0,0,0,1,0.42,0,0,0,0,1
1133,Lebanon,0,0,1972,0,0,0,1,1,6.0,4.0,0.0,0.08511564131872176,0,0,0,0,1,0,4.0,2.0,0,0,0,0.41,0,1,0,0,0
1138,Israel,0,0,1949,0,0,0,1,0,10.0,7.0,0.0,0.13861581145171592,0,0,0,0,0,1,7.0,1.0,0,0,1,0.287,0,0,0,0,1
1139,Israel,0,0,1951,0,0,0,1,0,10.0,7.0,0.0,0.12007681642454411,0,0,0,0,0,1,7.0,3.0,0,0,1,0.585,0,0,0,0,1
1156,Yemen,0,1,1999,0,0,1,1,1,6.0,2.0,0.0,0.04201226376741935,0,1,0,0,0,0,2.0,21.0,0,0,1,0.29,0,0,0,1,1
1157,Yemen,0,0,2006,0,0,0,1,0,6.0,2.0,0.0,0.0723043040822716,0,1,0,0,0,0,2.0,28.0,0,0,1,0.328,0,0,0,1,1
1160,Tajikistan,0,1,1994,1,0,0,1,0,2.0,3.0,0.0,0.019099218143345545,0,1,0,0,0,0,3.0,2.0,0,0,1,0.232,0,0,0,0,1
1161,Tajikistan,0,0,1999,1,0,0,1,0,6.0,4.0,0.0,0.017604806814809727,0,1,0,0,0,0,4.0,7.0,0,0,1,0.204,0,0,0,0,1
1162,Tajikistan,0,1,2006,1,0,0,1,0,6.0,3.0,0.0,0.04450193225994328,0,1,0,0,0,0,3.0,14.0,0,1,0,0.233,0,0,0,1,1
1163,Tajikistan,0,1,2013,0,0,0,1,1,6.0,3.0,1.0,0.02009691170725461,0,1,0,0,0,0,3.0,21.0,0,1,1,0.222,0,0,0,1,1
1164,Kyrgyz Republic,0,0,1995,0,0,0,1,0,3.0,4.0,0.0,0.017253303918764142,0,1,0,0,0,0,4.0,5.0,0,0,1,0.322,0,0,0,0,1
1165,Kyrgyz Republic,0,0,2000,0,0,0,1,1,3.0,4.0,1.0,0.05459513884200037,0,1,0,0,0,0,4.0,10.0,0,1,1,0.301,0,0,0,0,1
1166,Kyrgyz Republic,0,0,2005,0,0,0,1,1,3.0,4.0,1.0,0.02702983215200747,0,1,0,0,0,0,4.0,15.0,0,0,1,0.276,0,0,0,1,1
1167,Kyrgyz Republic,1,0,2009,0,0,0,1,0,5.0,4.0,1.0,0.11761561143498744,0,1,0,0,1,0,4.0,4.0,0,1,1,0.292,1,0,1,0,1
1169,Kazakhstan,0,1,1999,0,0,0,1,0,2.0,1.0,0.0,0.1053763671897671,0,1,0,0,0,0,1.0,9.0,0,1,1,0.301,0,0,0,0,1
1170,Kazakhstan,0,0,2005,0,0,0,1,1,2.0,1.0,0.0,0.4089233063151368,0,1,0,0,0,0,1.0,15.0,0,1,1,0.252,0,0,0,1,1
1171,Kazakhstan,0,0,2011,0,0,0,1,0,3.0,2.0,0.0,0.712354282641192,0,1,0,0,0,0,2.0,21.0,0,1,1,0.266,0,0,0,1,1
1177,Taiwan,0,0,1991,1,0,0,1,1,9.0,3.0,0.0,1.5057956438359457,0,1,0,0,1,0,3.0,3.0,0,0,0,0.266,0,0,0,0,1
1178,Taiwan,0,0,1996,1,0,0,1,1,10.0,5.0,0.0,1.8279864896600164,0,1,0,0,0,0,5.0,8.0,1,0,0,0.319,0,0,0,0,1
1183,South Korea,0,0,1952,1,0,0,1,0,6.0,3.0,0.0,0.0024294388689738078,0,0,0,0,0,0,3.0,4.0,0,0,1,0.283,0,0,0,0,1
1184,South Korea,0,0,1956,1,0,0,1,1,6.0,2.0,0.0,0.013344102651381577,0,0,0,0,0,0,2.0,8.0,0,0,1,0.275,0,0,0,0,1
1185,South Korea,1,1,1960,1,0,0,1,0,6.0,2.0,0.0,0.009647930151829685,0,0,0,0,0,0,2.0,12.0,1,1,1,0.27,1,1,1,0,1
1186,South Korea,0,0,1963,1,0,0,1,1,1.0,1.0,0.0,0.0135687495466838,0,0,0,0,0,0,1.0,2.0,0,0,1,0.175,0,0,0,0,1
1187,South Korea,0,0,1967,1,0,0,1,1,7.0,3.0,1.0,0.02403615709954669,0,0,0,0,0,0,3.0,6.0,0,0,1,0.313,0,0,0,0,1
1188,South Korea,0,0,1971,1,0,0,1,1,7.0,3.0,1.0,0.06325827515551276,0,0,0,0,0,0,3.0,10.0,0,0,1,0.326,0,0,0,0,1
1189,South Korea,0,0,1981,1,0,0,1,0,2.0,1.0,1.0,0.4156792665980326,0,0,0,0,0,0,1.0,1.0,0,0,0,0.207,0,0,0,0,1
1190,South Korea,1,0,1987,1,0,0,0,1,3.0,3.0,1.0,0.666883269154066,0,0,0,0,0,0,3.0,7.0,0,0,0,0.359,1,0,1,0,1
1238,India,0,0,1977,0,0,0,1,0,7.0,5.0,1.0,0.007315312492125612,0,0,0,0,1,0,5.0,11.0,0,0,1,0.406,0,0,0,0,1
1249,Bhutan,0,0,2013,0,0,0,1,0,5.0,4.0,0.0,0.028874338546655904,0,1,0,1,1,0,4.0,5.0,0,0,1,0.598,0,0,0,0,1
1250,Bhutan,1,0,2013,0,0,0,1,0,5.0,4.0,0.0,0.028874338546655904,0,1,1,1,1,1,4.0,5.0,1,0,1,0.598,0,0,0,0,1
1251,Pakistan,1,1,1977,1,0,0,1,1,7.0,7.0,1.0,0.015458614960905824,0,0,0,0,1,0,7.0,6.0,0,1,1,0.232,1,1,1,0,1
1253,Pakistan,1,0,1990,0,1,0,1,0,7.0,7.0,1.0,0.03801610686437464,0,1,1,1,1,1,7.0,2.0,1,1,1,0.381,0,1,0,0,1
1256,Bangladesh,0,0,1973,0,0,0,1,0,7.0,7.0,1.0,0.0034906956252044163,0,0,0,0,1,0,7.0,1.0,0,1,1,0.231,0,0,0,0,1
1257,Bangladesh,0,0,1978,0,0,0,1,1,1.0,1.0,1.0,0.0054281578844350645,0,0,0,0,1,0,1.0,3.0,0,0,1,0.177,0,0,0,0,1
1258,Bangladesh,0,0,1981,0,0,0,0,1,3.0,2.0,1.0,0.012666791978899857,0,0,0,0,0,0,2.0,6.0,0,0,1,0.396,0,0,0,0,1
1259,Bangladesh,1,1,1986,0,0,0,1,0,1.0,1.0,1.0,0.010362480243386069,0,0,0,0,0,0,1.0,4.0,0,1,1,0.193,0,1,1,0,1
1261,Bangladesh,1,1,1996,0,0,0,1,0,7.0,5.0,1.0,0.03343773455704787,0,1,0,0,0,1,5.0,5.0,0,0,1,0.541,1,1,1,0,1
1262,Bangladesh,1,0,1996,0,0,0,1,0,7.0,5.0,1.0,0.03343773455704787,0,1,1,1,1,0,5.0,5.0,0,0,1,0.541,0,1,0,0,1
1265,Myanmar (Burma),0,0,1951,0,0,0,1,0,6.0,7.0,1.0,0.002139925011708786,0,0,0,1,1,1,7.0,3.0,0,0,1,0.23,0,1,0,0,1
1266,Myanmar (Burma),0,0,1956,0,0,0,1,0,6.0,7.0,1.0,0.008997790753251753,0,0,0,0,1,1,7.0,8.0,0,1,0,0.439,0,0,0,0,0
1269,Myanmar (Burma),1,0,1990,0,1,0,0,0,3.0,2.0,1.0,0.0037521813624824415,0,1,1,0,1,1,2.0,2.0,1,1,0,0.092,1,1,0,0,0
1277,Sri Lanka,0,0,1982,0,1,0,1,1,7.0,5.0,1.0,0.05649542772338181,0,0,0,0,0,0,5.0,5.0,0,0,1,0.558,0,1,0,0,1
1280,Sri Lanka,0,0,1999,0,0,1,1,1,6.0,5.0,1.0,0.2124801274952772,0,1,0,0,0,0,5.0,5.0,0,0,1,0.588,0,1,0,0,1
1282,Sri Lanka,0,0,2010,0,0,0,1,0,6.0,5.0,1.0,0.20040940262422957,0,1,0,0,0,1,5.0,5.0,0,1,1,0.421,0,1,0,0,1
1283,Nepal,0,0,1991,0,0,0,1,0,5.0,6.0,0.0,0.018442842521863657,0,1,0,1,1,0,6.0,1.0,0,0,1,0.219,0,0,0,0,1
1284,Nepal,1,0,1994,0,0,0,1,0,5.0,6.0,0.0,0.023143626398121224,0,1,1,0,1,1,6.0,3.0,0,0,1,0.397,0,0,0,0,1
1285,Nepal,0,0,1999,0,0,0,0,0,5.0,6.0,0.0,0.01750496740811171,0,1,0,0,0,0,6.0,1.0,0,0,1,0.39,0,1,0,0,1
1286,Nepal,1,0,2008,0,0,0,1,0,8.0,6.0,1.0,0.014303458297191003,0,1,1,1,1,1,6.0,2.0,0,1,1,0.277,0,1,0,0,1
1289,Thailand,0,0,1969,1,0,0,1,1,-88.0,1.0,0.0,0.027515699699465317,1,0,0,0,1,0,-88.0,6.0,0,0,1,0.115,0,0,0,0,1
1291,Thailand,1,0,1976,0,0,0,1,1,7.0,3.0,0.0,0.06365419797415627,0,0,1,0,1,0,3.0,1.0,0,0,1,0.299,0,1,0,0,1
1292,Thailand,1,0,1979,1,0,0,1,1,7.0,3.0,0.0,0.08886514864800306,0,0,1,0,1,0,3.0,2.0,0,0,1,0.131,0,1,0,0,1
1293,Thailand,0,0,1983,1,0,0,1,1,7.0,3.0,1.0,0.11339613903157422,0,0,0,0,0,0,3.0,3.0,0,0,0,0.288,0,0,0,0,1
1296,Thailand,1,0,1992,0,0,0,1,1,6.0,3.0,1.0,0.47058604822973266,0,1,1,0,0,0,3.0,1.0,0,0,0,0.225,1,0,0,0,0
1297,Thailand,1,0,1992,0,0,0,0,1,6.0,3.0,1.0,0.47058604822973266,0,1,1,0,1,0,3.0,1.0,0,1,0,0.225,0,1,0,0,0
1298,Thailand,1,0,1995,0,1,0,1,1,9.0,7.0,1.0,0.6309450433308974,0,1,1,0,1,0,7.0,3.0,0,0,0,0.441,0,0,0,0,0
1300,Thailand,1,0,2001,0,1,0,1,1,9.0,7.0,1.0,0.6825079992625209,0,1,1,0,1,0,7.0,4.0,0,0,0,0.517,0,1,1,0,0
1301,Thailand,1,0,2001,0,1,0,1,0,9.0,7.0,1.0,0.6825079992625209,0,1,1,0,1,0,7.0,4.0,0,0,0,0.517,0,1,0,0,0
1302,Thailand,0,0,2005,0,0,1,1,1,9.0,7.0,1.0,0.7683199980125753,0,1,0,0,0,0,7.0,4.0,0,0,0,0.557,0,0,0,0,0
1303,Thailand,0,1,2006,0,1,0,1,1,9.0,7.0,1.0,0.8333606546554495,0,1,0,0,1,0,7.0,5.0,1,0,0,0.513,0,0,0,0,0
1305,Thailand,1,0,2011,0,1,0,1,1,6.0,5.0,1.0,0.9822485912354776,0,1,1,0,1,0,5.0,3.0,0,0,0,0.394,0,1,0,0,0
1307,Cambodia,0,0,1972,1,0,0,1,0,-88.0,1.0,0.0,0.006528797227319102,1,0,0,0,0,1,-88.0,2.0,1,0,1,0.13,1,1,0,0,1
1309,Cambodia,1,0,1998,0,1,0,1,0,1.0,1.0,0.0,0.03925228178407956,0,1,0,0,1,1,1.0,1.0,1,1,1,0.384,1,1,1,0,1
1310,Cambodia,0,0,2003,0,0,0,1,0,8.0,4.0,0.0,0.12761346694552114,0,1,0,0,0,0,4.0,6.0,1,1,1,0.338,0,1,0,0,1
1311,Cambodia,1,0,2008,0,0,1,1,1,8.0,4.0,1.0,0.23289735736337538,0,1,0,0,0,0,4.0,11.0,0,1,1,0.328,0,0,1,0,1
1312,Laos,0,0,1955,0,0,0,1,0,5.0,5.0,0.0,0.0,0,0,0,0,0,1,5.0,1.0,0,0,1,0.245,0,0,0,0,1
1313,Laos,0,0,1958,0,0,0,1,0,5.0,5.0,0.0,0.012361821699917577,0,0,0,0,1,1,5.0,2.0,0,0,1,0.287,0,0,0,0,1
1318,Republic of Vietnam,0,0,1961,1,0,0,1,0,6.0,3.0,0.0,0.0,0,0,0,0,0,0,3.0,7.0,0,0,1,0.292,0,1,0,0,1
1319,Malaysia,0,0,1959,0,0,0,0,1,9.0,6.0,1.0,0.0,0,0,0,0,1,0,6.0,2.0,0,0,1,0.324,0,1,0,0,1
1320,Malaysia,0,0,1964,0,0,0,1,1,9.0,5.0,1.0,0.0,0,0,0,0,0,0,5.0,5.0,0,0,1,0.324,0,0,0,0,1
1321,Malaysia,0,0,1969,0,0,0,1,1,9.0,5.0,1.0,0.10620362009507399,0,0,0,0,1,0,5.0,10.0,0,0,1,0.312,1,1,0,0,1
1322,Malaysia,1,0,1974,0,0,0,1,1,6.0,5.0,1.0,0.20999434960904512,0,0,1,0,1,0,5.0,4.0,0,0,0,0.208,0,0,0,0,0
1323,Malaysia,1,0,1978,0,0,0,1,1,6.0,5.0,1.0,0.36894726674766315,0,0,1,0,0,0,5.0,2.0,0,0,0,0.292,0,0,0,0,0
1324,Malaysia,0,0,1982,0,0,0,1,1,6.0,5.0,1.0,0.5817734462274604,0,0,0,0,0,0,5.0,1.0,0,0,0,0.283,0,0,0,0,0
1325,Malaysia,0,0,1986,0,0,0,1,1,6.0,5.0,1.0,0.6047490376301616,0,0,0,0,1,0,5.0,5.0,0,0,0,0.28,0,0,0,0,0
1326,Malaysia,0,0,1990,0,0,1,1,1,6.0,5.0,1.0,0.828557283992882,0,1,0,0,1,0,5.0,9.0,1,1,1,0.263,0,1,0,0,1
1327,Malaysia,0,0,1995,0,0,1,1,1,6.0,5.0,1.0,1.379280392698799,0,1,0,0,0,1,5.0,14.0,0,0,1,0.272,0,0,0,1,1
1328,Malaysia,0,0,1999,0,0,1,1,0,6.0,4.0,1.0,1.3768369586092877,0,1,0,0,1,0,4.0,18.0,0,1,1,0.255,0,1,0,1,1
1329,Malaysia,0,0,2004,0,0,1,1,1,6.0,4.0,1.0,1.4487559436705089,0,1,0,0,0,0,4.0,1.0,0,0,0,0.284,0,0,0,0,0
1330,Malaysia,1,0,2008,0,0,0,1,0,6.0,4.0,1.0,1.6103287968988176,0,1,0,0,1,0,4.0,5.0,0,0,0,0.307,1,0,1,0,0
1331,Malaysia,1,0,2013,0,0,1,1,1,7.0,5.0,1.0,1.6374722263639194,0,1,0,0,0,0,5.0,4.0,0,0,0,0.304,0,0,1,0,0
1332,Singapore,0,1,1968,0,0,0,1,1,2.0,3.0,0.0,0.1884118379187021,0,0,0,0,0,0,3.0,9.0,0,0,0,0.319,0,0,0,0,0
1333,Singapore,1,0,1972,0,0,0,1,1,2.0,3.0,0.0,0.5343239821197954,0,0,1,0,1,0,3.0,13.0,0,0,0,0.32,0,0,0,1,0
1334,Singapore,0,0,1976,0,0,0,1,1,2.0,3.0,1.0,1.068918123230914,0,0,0,0,0,0,3.0,17.0,0,0,0,0.334,0,0,0,1,0
1335,Singapore,0,1,1980,0,0,0,1,1,2.0,3.0,1.0,1.6450609130257423,0,0,0,0,0,0,3.0,21.0,0,0,0,0.339,0,0,0,1,0
1336,Singapore,0,0,1984,0,0,0,1,1,2.0,3.0,1.0,2.0284019601278684,0,0,0,0,1,0,3.0,25.0,0,0,0,0.335,0,0,0,1,0
1337,Singapore,0,0,1988,0,0,0,1,1,2.0,3.0,1.0,2.30135607219982,0,0,0,0,0,0,3.0,29.0,0,0,0,0.342,0,0,0,1,0
1338,Singapore,0,0,1991,0,0,1,1,1,2.0,3.0,1.0,2.7860728498339244,0,1,0,0,1,0,3.0,1.0,0,0,1,0.367,0,0,0,0,1
1339,Singapore,0,0,1997,0,0,1,1,0,2.0,3.0,1.0,3.302705741984293,0,1,0,0,0,1,3.0,7.0,0,1,1,0.359,0,0,0,0,1
1340,Singapore,0,0,2001,0,0,1,1,0,2.0,3.0,1.0,3.133047322286092,0,1,0,0,0,1,3.0,11.0,0,1,1,0.394,0,0,0,0,1
1341,Singapore,0,0,2006,0,0,0,1,1,2.0,3.0,1.0,3.0863390630064007,0,1,0,0,0,0,3.0,2.0,0,0,0,0.377,0,0,0,0,0
1342,Singapore,0,0,2011,0,0,0,0,1,2.0,3.0,1.0,3.19418155596616,0,1,0,0,0,0,3.0,7.0,0,0,0,0.37,0,0,0,0,0
1343,Philippines,1,0,1949,0,0,0,1,0,6.0,3.0,0.0,0.040680237210312505,0,0,0,0,0,0,3.0,1.0,0,0,1,0.368,1,1,1,0,1
1344,Philippines,1,0,1953,0,0,0,1,0,6.0,5.0,0.0,0.03176566332009569,0,0,1,0,1,0,5.0,5.0,0,0,1,0.347,0,0,0,0,1
1345,Philippines,0,0,1957,0,0,0,1,0,6.0,5.0,0.0,0.03538828629797415,0,0,0,0,0,0,5.0,4.0,0,0,1,0.392,0,1,0,0,1
1346,Philippines,1,0,1961,0,1,0,1,1,6.0,5.0,0.0,0.03562837708301432,0,0,1,0,1,0,5.0,4.0,0,0,1,0.417,0,1,0,0,1
1347,Philippines,1,0,1965,0,1,0,1,1,6.0,5.0,0.0,0.03853466426895483,0,0,1,0,1,0,5.0,4.0,0,0,1,0.4,0,1,0,0,1
1348,Philippines,1,0,1969,0,0,1,1,1,6.0,5.0,0.0,0.04750329359937625,0,0,0,0,0,0,5.0,4.0,0,0,1,0.416,1,1,1,0,1
1349,Philippines,1,1,1981,0,0,0,1,0,1.0,1.0,1.0,0.1564460221652229,0,0,0,0,0,0,1.0,16.0,0,1,1,0.172,0,0,1,1,1
1350,Philippines,1,1,1986,0,0,0,1,0,3.0,2.0,1.0,0.10776053976448158,0,0,0,0,1,0,2.0,21.0,0,1,1,0.183,1,1,1,1,1
1351,Philippines,1,0,1992,0,1,0,0,0,7.0,7.0,1.0,0.19058200980394632,0,1,0,0,0,0,7.0,6.0,0,0,1,0.574,0,1,1,0,1
1352,Philippines,0,0,1998,0,1,0,0,0,9.0,6.0,1.0,0.4118646190404884,0,1,0,0,0,0,6.0,6.0,0,0,1,0.544,0,1,0,0,1
1353,Philippines,1,0,2004,0,0,1,1,1,9.0,6.0,1.0,0.379376961154883,0,1,0,0,0,0,6.0,3.0,0,1,1,0.538,0,1,1,0,1
1390,Papua New Guinea,1,0,1992,0,0,0,1,0,4.0,5.0,0.0,0.22986595478709,0,1,1,0,1,0,5.0,4.0,0,0,1,0.535,0,0,0,0,1
1391,Papua New Guinea,1,0,1997,0,0,0,1,0,4.0,5.0,1.0,0.2747434295246822,0,1,1,0,1,0,5.0,3.0,0,0,1,0.51,0,1,0,0,1
1392,Papua New Guinea,1,0,2002,0,1,0,0,0,4.0,5.0,1.0,0.12136265813171594,0,1,1,0,1,0,5.0,3.0,0,0,1,0.56,0,1,0,0,1
1393,Papua New Guinea,0,0,2007,0,0,1,1,1,4.0,5.0,1.0,0.17213338298860534,0,1,0,0,0,0,5.0,5.0,0,0,1,0.522,0,1,0,0,1
1418,Solomon Islands,0,0,1980,0,0,0,1,0,4.0,7.0,0.0,0.1903996991630582,0,0,0,0,0,0,7.0,2.0,0,0,1,0.493,0,0,0,0,1
1419,Solomon Islands,1,0,1984,0,0,0,1,1,5.0,7.0,0.0,0.1820172803478415,0,0,1,0,1,0,7.0,3.0,0,0,1,0.54,0,0,0,0,1
1420,Solomon Islands,1,0,1989,0,0,0,1,0,5.0,7.0,0.0,0.16609229852357574,0,0,1,0,1,0,7.0,3.0,0,0,1,0.516,0,0,0,0,1
1421,Solomon Islands,1,0,1993,0,0,0,1,0,7.0,7.0,0.0,0.3797426320346642,0,1,1,0,1,0,7.0,4.0,0,0,1,0.494,0,0,0,0,1
1422,Solomon Islands,1,0,1997,0,0,0,1,0,7.0,7.0,1.0,0.33901780391933267,0,1,1,0,1,1,7.0,3.0,0,0,1,0.527,0,0,0,0,1
1424,Solomon Islands,1,0,2006,0,0,0,1,1,8.0,7.0,1.0,0.07540740081575241,0,1,1,0,1,0,7.0,5.0,0,0,1,0.499,1,0,0,0,1
1425,Solomon Islands,1,0,2010,0,0,0,0,0,8.0,7.0,1.0,0.0612990120592389,0,1,1,0,0,0,7.0,3.0,0,0,1,0.52,1,1,0,0,1
1426,Fiji,0,0,1972,0,0,0,1,1,4.0,7.0,0.0,0.12522794795115896,0,0,0,0,0,0,7.0,2.0,0,0,1,0.553,0,0,0,0,1
1427,Fiji,1,0,1977,0,0,0,1,1,4.0,7.0,0.0,0.18887411885755928,0,0,1,0,1,0,7.0,7.0,0,0,1,0.577,0,0,0,0,1
1428,Fiji,0,0,1977,0,0,0,1,1,4.0,7.0,0.0,0.18887411885755928,0,0,0,0,0,0,7.0,7.0,0,0,1,0.577,0,0,0,0,1
1431,Fiji,1,0,1992,0,0,1,1,1,6.0,6.0,0.0,0.40040480156577957,0,1,1,0,1,0,6.0,5.0,1,0,0,0.223,0,0,0,0,0
1433,Fiji,0,0,2001,0,0,1,1,0,-88.0,6.25,1.0,0.3804516303310499,1,1,0,0,0,1,-88.0,1.0,1,1,1,0.396,0,0,0,0,1
1435,Ukraine,0,0,1991,0,0,1,1,0,7.0,6.0,0.0,0,0,1,0,0,0,0,6.0,1.0,0,0,0,0.373,0,0,0,0,0
1436,Ghana,0,0,1960,0,0,0,1,1,5.0,3.0,1.0,0.05842124290955241,0,0,0,0,0,0,3.0,8.0,0,1,1,0.271,0,0,0,0,1
1437,Uzbekistan,0,0,1991,0,0,1,1,0,1.0,1.0,0.0,0,0,1,0,0,0,0,1.0,1.0,0,0,1,0.219,1,1,0,0,1
1438,Republic of Vietnam,0,0,1955,1,0,0,1,1,6.0,3.0,0.0,0.0,0,0,0,0,0,0,3.0,1.0,0,1,1,0.162,0,0,0,0,1
1440,Benin,0,0,1960,0,0,0,1,0,6.0,3.0,0.0,0.006639,0,0,0,0,0,0,3.0,1.0,0,1,1,0.162,0,1,0,0,1
1441,Benin,0,0,1960,0,0,0,1,0,6.0,3.0,0.0,0.006639,0,0,0,0,0,0,3.0,1.0,0,0,1,0.162,0,1,0,0,1
1442,Zimbabwe,1,0,1980,0,0,0,1,0,6.0,5.0,1.0,0.0,0,0,1,1,1,0,5.0,1.0,1,0,0,0.147,0,1,0,0,0
1443,Zimbabwe,1,1,1980,0,0,0,1,0,6.0,5.0,1.0,0.0,0,0,1,1,1,0,5.0,1.0,1,0,0,0.147,0,1,0,0,0
